PK_TEMPO;invoice_date
4c381e75ce71a7abe741b2dccba52af49c93b5d37e7b6db635675013c9976658;29/06/2017
9aa23ec6009ce1a21d3fa3dfc3293f4fe99e80f1346b05c4ceffd5aa8db45435;27/04/2017
61e86d6c8d17581bc970e7d072bbd79b3d6b1d47fed565fea7ea2254bb0b900c;05/05/2018
6d8125e9218f915e7bfdb9fdefed8258b58b2d5ec37fbb0a8bae533b26bdbc42;24/01/2019
c08537960dbba957d99dfb5e3795c9863caf980130bbb6ce958575abdd55416b;13/12/2017
cf9091ff24d812e750385192fa877514613b811cc1b095622162f4fe83077a38;28/01/2018
69fcc52708f0086cc749b324679fa2839eb347820490686775ca6175b27291fb;21/10/2017
ebd1cc51e49bc21f46b365200d34eb39af7c735b1fd3454717d5417a334368a1;17/01/2018
e91af784566518b8c3cb42afb3dce05fb859cbb96f009f5740be2a54b71e5537;27/06/2018
ef076d0baae349f0812dda030108477705e349bf97f3cdf6249114bc4470da2b;01/09/2017
9b49e639e3a26904b74c142d3898dbce6c2b56518b18bb6233552668ca0cef15;27/08/2017
e14742dada917871bd323fea1f9b96dcc097d88725d331105fb96b5a846bcf40;08/09/2017
e51fc6ba86e7689680eaf4cf6055602c093e8adb48ade699843799592a42e295;19/03/2018
695bc8135e61c66d7b128a47644cdad49452681044c9d35ff0ee598d986818a7;15/07/2018
4f3e000a7ad0206c28ef5999faabc30acbf1b6c58fb70f0b5ec49224b7a2a412;13/10/2018
d0a9f32ac7109e64a0a17518a1d4bb4e607007569e0507ebb0496635e19d6d92;12/11/2017
1095cb8d78506b130faa426d2f1780613dbd8ea2da1eb8575c423eb951a8b94e;25/12/2018
fad0ac7cd6f1bdc3a2868c46ee6c06078cbfa506c0b9d5a3a2a498c230db18d6;29/12/2018
fce875c1a02b72f3f9e5ddf40665b6255747c3d0d8eadeaae70f93b2ef8a943f;31/10/2018
53c191f37b60c05e14f4b3faaa0f273bc4f3674fd82d477e408d0bb2e32872d0;25/09/2018
ab0cc47fdd66238efdfe510328ead07cba33f32e81c17224cace27cf71c2dd59;25/02/2019
283c77194c4f96f306d19f6178a1cfe4c3da3e43a6ba9d20124e23d0b6261078;23/02/2017
83f09c8b35094007053636cb2eebeb68dcab33e6c019263bdfc8211a005e7851;05/02/2017
a1d6ffbfc3997f3d6c3bacee45c3f9f3de7b2a34f603ba26a6737db067ebed43;19/11/2018
2557cc07dc4b34d4b2ab928ebf1a13ef6f7ecd0f59d300b99d6d919da8dfbba1;29/04/2017
fd4fe7dc5511737879838030defc87a3eed244bfda4ef45a32713512fdcc7225;11/02/2018
9f3a2c34e2779bdc6e302cb6792a7f21e6c2e066f1ae9616f7eb0b3ef779c8be;25/11/2017
84a323d258ec83dd872270f8959c44029835370228c4d82058d02186c6301c48;05/01/2018
89574bbd4ffd651141163c412a4e239cce02e20175205b3386574afdd1d2d33c;03/03/2017
ca13e40ce63f7a3c320c2178f5c1b65d3743b0556cfac33e5eb6cb55df3218d4;06/03/2018
41dd134b2359cdeae0e93ddc1a02895fcb4f64fd13f38de6fd8733bde8c6837c;27/02/2019
de104e0fee56b9ba16a4a31bf6f0dd4a95836f2c2bb39347ae9557afabc43bbc;20/08/2018
d7e5d6b3a11804a1d63b3ed77cb9683053cf675516c05f137e7b723d1d14b905;21/03/2019
0f51b720ce3e65c80e8c0c112ecbc6e350a0c367bb8b7dfdc22b40563a4b11f3;21/01/2017
1601a48b5ab29ce3ab49a155ac2a622995efb6ccdf07c1ce2fc8a19881a00168;16/04/2018
3c0bffc6e7e81ee3ca7ca26f42af256ca0548dcc1114f5473555d098b7db237e;24/09/2018
2fd71c4d9060846797e79015c395818dd34af45d7586c0ac62424c149044ee70;16/02/2017
05f735d3c1cd188de5d5faea85cd7db9d949cce2c0a807c05f87521dc13745bf;24/02/2017
3384b23dae693b93517ce16771c03e6e43ca5d2632e2eb0036a133463c1b9c5d;11/11/2018
9ccbfaa08dbee254c97ffaf92b499437bf2b602c4f77ef6e86c67aae2d0978a5;26/08/2018
6468a01c8f0c35c5c539969edd8d289aa579a8f4518356737dd82c947b5f9b50;11/08/2017
c122cdcd957d230c1e614a40a0a24a1d88496133b2c0f0de6d23659c4df00a0a;08/01/2019
d5b9d66741a71ce70668192f0ce74cae1c6b367a875566b47be9188638189f08;01/08/2018
9bf36dff99a81ed60b881983d2a27f9f40419daf134c70114478278170ea9697;05/11/2018
1ada34b65e9e5c2e364567d0edfc56a3a8a8e56d0455fa358cd569a46f5dd3c8;21/10/2018
7cdf990ad60b17fbfa64b6b628938f94a6f7276951e2bc420ee4b87386d8de3f;14/05/2018
204fae7e937b4b550ec3f2a78a74539f7087cfc1ee6c30ac5fde63d71a4b3165;04/02/2018
20fd5709d95941019ce84f6473ed2c2aa7fb5df46cc42ac557bf1735c2948ae5;23/12/2018
beaa50c6bfad0568f70df79821e35352ae495791bbc43f54da2cdb0fae10cda6;19/02/2019
1fee10e64cb636804a6540dcdaeb6fca626d390e2099df52728a43ca3001680d;08/07/2017
5b3c10882ef9998681f3b1b0a1e8cffbc031967001ae8992a20c92b25b89f97a;25/11/2018
8eb6ccd249956e4d9b2a935e1032c869c2dd696723835fb98929422d901bace4;04/03/2018
9aba6f8aaaba4991a63df8317bc1a63044f5e844e8270da25318789fb3274392;25/04/2018
c2128764b03516b1a2df8499492316ca98b8450364e9439f205704ca27d7ab96;15/01/2019
e8dcdbf9227d1da9e7e1a1a78ae66a58399185a7f0988ceb1722b4ad86491725;23/12/2017
d0db790c1d1f7357e9a06bd3fb1188e6f3a1caef1f02fdfeec729e7a77370f4c;10/03/2019
5971c6b08cc42af34acdce9db6ec22e556de5ca6826222894f98fe670d5da37b;19/10/2017
31fdfe578c3774a996daa51a853cf3007b53826aded84e4f1ae68a1d90b0c8b9;16/03/2017
c5d005239b299be8d7ddc3fa8678f054531da87aec8554ce1aa12bba04e36c2d;09/11/2017
dde9a278055d33864132d6a3be963c2a50ce142ea78f8f54285f2fa0ef612f5e;23/04/2018
801dfbeb2cdc39eff613585a514ab0ae6889567ce20a0a4f640943d8fd5018d8;06/04/2017
accb65ec15d6eece651766b0dcec53e1ef31e322ca675e564e78d181724360b6;28/10/2017
f19b84316a4751892eb71efc8f48a8bd0e9edae84e8bcd1ebbd6b4f79671a7e4;27/05/2017
5a3b21bc354ce6572873dbe279fb36dc60274942a0e080d63974ac8bf9f0478d;02/01/2019
546e68f4ed91469748cdd1740e312a1ae76791b0bcfcad5972dac016da143811;29/10/2017
351891d258cb685de9f0ba74c24c466b5fd764b4c62cd496acd44d240c34bf29;04/10/2017
d88dd050100b988c48f729a7745982cca33234329340e7d8a7aca0c1b355f674;19/06/2017
1b578fd9b60ec6cbbcec72d59c9ccf34cf89f0b273c9f4c6807c968e41ea3bd7;14/01/2018
853ee0a40204f35c4529b307cdc1054e60ef1b7ae937ca510594896ca660f389;07/05/2018
d2affe913965456066b95684103ef23de59b76fcb26bbc81649bb4bdf6ea3d33;14/06/2017
1a6fcc1d89925af75a0b61f1468aa6022098c479f885c89919d49d755ce7aac4;01/06/2017
679fc90277ea55c60ed160d41be6d1c368c731f961c82131a3b7eef85f10c04a;08/06/2017
0006dfe2f05beac21bce5d1368dc60a3dec78eae40bf68f976baede0b5c8f431;09/04/2017
d7f850d64cf871ddd5bf3dd81ac29e5b103ba7baf8a1a459d86cf62225e9ee36;11/11/2017
dab0d21c4cfbb66f1f81aa29d5b8dc2c5d5263667f59efeb382541c8d8bafb03;15/10/2018
6639bf5498d23df78918167e3c8343bb24571ae01c24a3257118d05634496e30;29/11/2017
17db0a881eefb29b9f080225694efc149612779a13a732e6da2c979756f5a098;06/09/2017
d220edbd850c6f87aff61e93b94efb1fd54287cac8e3b7a1bee59ac25484877c;25/05/2017
c82f3e812cf225c545f95a581760c9bfd593393c3643d242625919c7eb8b86b7;02/04/2017
8b2220e6fcd970a04efb96dc7b4e50c92a0fab213c5379b9dfed43c933202e4c;17/03/2018
68b437639ce703540f3fcd2a62c3aaf471893344d482fc99202bfda9c2c0354b;30/10/2018
01f7956b0a1f119d2604dcea8263fbe407b39153de87c246ba891a1da76e466d;10/08/2017
7a16be6c208a8e4670169b925bded2271210368e1ada15014dbf2c2dc478a3e0;03/11/2017
60978a08fe433d0f1831a9d3972f6ac4910430a13382bd2f12443660b1126338;27/08/2018
7770405c756e5ac0afc0548edfa5eb97ef696b245cfc7b40a38872beeed5c99a;07/03/2019
b3ea6aac9c7261427b4aa4fe3a44d9f312d4dbae5ac29401ec40fcba42670eeb;20/05/2017
3a510082bb6fcefb1625a01d72ffa7cfe1a96fefa93578eaebb07d52e643e125;27/11/2018
9cf7f720ff8efcabb519252978fee0758e418066d27c2ae9259db60c75c38997;16/01/2018
503149d832fe1830de140a6ea343197be9d7af6f99e16aacb3f18f53dcae40c4;02/11/2017
cf16fff63be836c3a46f3324c04228b56bf8590b81fda1e3ee835a902bae4fdf;09/03/2017
50c35ccb23073e4cec1b3e6a9f5c579d981d5ba9ae70a16ae4476bd524aaaef9;28/06/2018
dea0110403d0a0e2923a5c77195026b6a192694def055596c05b3291d0c6bf2b;22/02/2017
e1b380b89911eb9e59c6c60ce920b80c1c883ee580ed92e947788d02d2bd3552;26/07/2017
a9d187b6644d7ab1424ba3701ec7a8d330e446fbb70980add354ae7a30100bef;28/01/2017
031c6c4241377d73c43b8bba20680e65a36b7f19d59939d8d964bbaa5742ca2f;03/06/2018
9bba84c360a7a342c214c7170be84af7ba8ebcb8b73598bd7811e6c6f3783cf2;12/06/2018
fefdc488d550fb68588b4aa8acbdd978ddef7985c28f108664d1c7d959145d0a;08/11/2017
f6fd1975f16a73356372122584a67137b3fe1a8ef8119c76452497ff857ca876;17/08/2017
e7716b8e6c227b6e5e0d4b297a7ab6ea833c0c846409fa42c5aedbcd6098ce6e;12/10/2017
99dbb6a471de54d1dba700308c425512a4c8a553cfcc28d10a383981495be10e;24/01/2018
60b9b71ae07a7e425039706e49f63831693d79e435c8e6a3b3c7644b76541198;06/10/2017
989daba1487cde59a7771c1aff6cf3401858b024a5f64134b2ea64af283281a8;13/11/2018
cef019a036144630bfe4dc2559e7340a60abcb841dc13bc473d32715c3caf3fc;11/10/2017
f591a5c60533e5b054942243beaa832473bc11dcdab3e217c99ee36a320e9f1f;28/04/2017
5f2f36d7933465ddd599bda42483fac08d49cecaa9ba7b17c82b6afec0626e79;24/12/2018
c0df702f8e5b891b24d59a3acda6e811a7490896a25f595be0ad0024224b905f;22/01/2018
976b982bf2226326caaed6d17ee34f9c9e922ec8be9e7be02cb777f94511b11b;08/07/2018
0ac8073a603a1d7bf6142f51b19c00b1ebcf4732107a92572c74908d520f589b;04/06/2018
5ed5ccc73eb913b899993c522397f17eda0f460278d2a64bbcc4304d049f366b;12/02/2017
74ceea15bf7a0ec08053fb7279ebc033ae4eaf48abfe597d8b29e6eb9e588542;12/09/2018
d0b3102f4cb2e4bd5b27472d511d2a2f0a8484b14df375786369c489b3171cbb;27/10/2017
95288b5b7778538f4d2b1e878df74afdd859361998e6d5852bb405b340a8538e;18/06/2018
f24500289fda9e49803a013013b7326a1e9ddf0e84d0db340fcbe70561e7c175;08/02/2017
6047dcde282e35ac9981726ae85cbbca1d08104546d9d6c9652afe1d94c699af;31/12/2017
3fe32552735fa6eb8936529c35da9be82dbc0b0b5cbf450a7246e9b131c108af;08/10/2017
b2e5cfcd71631ecdf72ad8fd002fc65765a216d204d6b8d512d3ab762af91ca6;19/05/2018
183b2b3a6baaa69b6caabdfab93895a0ca8d7d8fad4fc110007d19b00ffedf63;13/06/2018
197d5a1303b7a8e1f7126f119dc31682d660a991875f073a11d338621158d966;01/11/2017
89502dbc4667444c4f53b163899e6f27206b85db9aba343ff9eb4ecd346b923f;29/07/2018
b8525b93e08ef837894864af1335c5f0be48b32c41312ad70b172c8d697f5b7c;07/01/2019
b3362f0c8bb5e3376e553bd793d7d63a756c15c6d70012b9f75bb8ccfee5d4c2;17/02/2019
7ddd6fe6a767eec22b2a26253589d010701065584116b0d5cd4b839ef9459eb0;12/03/2018
ca2ab3565a8701f94569e11debc72d51aeabab69ad33da8feb9d9a9670d3c61b;26/09/2018
3d0be0931b010db76e273422cba75a161592ea2c4c9528a6d6a444462f3bc26f;20/10/2018
b153488da247cdaeae0170c6a1492e80ea9ab59f5e9c0c6b2d2f37830b6d6752;02/12/2017
969ac743630a7baa09476fa9c565d133d6b9c4fd9346def3143338bdd0b5d398;09/09/2017
3552adf5c6060826f0016255a0a4fe807232e9d1f657a130a739f935763787e2;09/06/2018
994b94b65ee33616c5b20b85680ccf1b84022111fb0a5da0cab9d3959d3a4d61;10/03/2017
13e765e422694d7fad536a7c23abd56c14e2fc1cf58fa30f50a3ad6d1c977bc0;05/07/2017
b43d711935e4ad88aff69f6ca59d2b05bd11aca05e1214d76ce6bda0865e43a6;24/08/2017
701db2f6e50beb69864f40f8a08fff7e06f2ac0b30712591f971795907975a7f;16/12/2017
7377d6b5397acb2908350996bf78dff5a271508dea87eba05bfd69c10ac47476;28/07/2017
56849de5c2d6ce0c57e704bfe727b186a62f2d5b6d52e39dd7ee300a03c3c286;24/12/2017
9d59c6d0c4ed952fe4d73fca8ff51d6c80376bd7e0b03097307ce11e68c0a596;06/11/2018
c0b7539d7d5036440442e82264d94bc540e23aa8203e4f7d84c73df9ba5b0250;10/04/2018
40bdf5f8d698a1b5329096950e19e139eea8007c6f36790cba7f44e524aa20d1;20/03/2018
f140f41bb07080ae41e765abeeb83f7d5245c159ba1bf9794c825575723739ec;25/08/2018
aaa61d5c67d476e1bd356b005bf2437e60b597cf53a8ebdcc5b6ee7c803370ef;14/09/2017
c904d0ab3a976124b7a162cafd3354c64ec1b3b0b31e56ee2b93cf767c2e04ac;24/06/2017
762ade34ddc5c049dec3b61cc7d0f989e3b9a794cd4e761c6b0f8b64ab0a17cf;04/08/2018
36fc65cc118dfb2814335c4ec9b348cd9fd891ec66172d6020cbf7ba1341d232;05/02/2018
6e580681e2001d0e90906057e88d3e0970dd0fcca7381d5d95b913ab5af8ab7b;30/11/2017
2ec3fa18137efc122bdaf06250af30bad94a7a55ac315692826bb364b9de04a3;20/02/2018
edc2a3f2d0de18ef2581f012fce0685456c2fe907a395a566938c2cc95f35e2d;05/12/2018
e0a24b5b7fe4af2ee62682f575976914310cc288ee5aaea0a20fe836f6ba2a9a;16/06/2018
8be12046ec6f8f3e0f292780675b8a478887ac3725a6370d2fe369660cba8692;03/02/2017
dd9c8d10ac88089b42527398495246a7326d7ededb05a759cfe3ce6bb0c8ed55;21/02/2018
7ee0c1f3f9afebf0abff6c8bc6869cb729429a64783d34701aa07c042998f283;10/12/2018
a005c7b53912105d6afbe61a3e0d54c4d3d0b93764ba323b008fd275c4f121c7;27/10/2018
43a882d1751b4b6c910adceccc8774a7b777623e203b03b9b710dad54f9e1c99;06/08/2017
34714612c9766e4b4bb5d66b3b48a225b7548397f2873f19360cdb50a0e3b324;13/05/2017
016171715e615558a3be2898fcbd0ad97751c2428ba585f16ffe6ebce8153a18;18/01/2017
7353b01e1c703e45a24eef549d0d6aded1c2fd3079d5b18d27ae025c9e9c312b;30/01/2019
e07c8c38c24f08fa93e28761e7e8fbd299c3a2add0638cd9383accd2f0965260;23/06/2017
bc98eb2336bb85770f50ed6a7a9cda459cc5206bd6354e787b1a0ceba708de5f;05/08/2018
464385519f6356b810202a78a8e9f22a417e6ce47cb486cb22d566763f1aa684;25/02/2017
016859797bb6a11052084741b66b97cf2b5045e6d1610b4360797c7b15dd3952;22/11/2017
6a59e0080e79a1905c23ce470a1a7cd78e7200ee6d4c9df8ac1ce8c6143e661d;23/07/2017
41e5f1889b172601a9b51901d451163804f6e5178fe30f514c1250a6c66d03a5;23/06/2018
d409c7c1ad89e8d09092b5648a986ea2f8fbc2c72ff104c00771ab855eb57c3c;09/09/2018
17b7760becad90005fda30a5dd404f1936c61a12d285da9868f11df648b1a28e;19/01/2017
6f23ab16f69572bcf9117221b716ae52904512a2be3fcaa8b6886e88a9daa501;20/03/2019
96adeb510db7cf1a6e4bcd99228a35689e9e5e04e226117ee2e303991e1763d9;24/06/2018
42ed5d5ff21261b32c9e909816b59de89094efac5b24d6be09e288679acb1e5e;25/10/2017
bba2440a34261aa23811c6723aa43103d080f8162f8b04ae136c2abc8640cfaf;17/07/2018
cad59bad2a3d1af8bcd826d9402313fbdf3079b9ac295601f901a7da1ed9deea;20/10/2017
30a928c7e55ee44f36058b037133ce9a2eed20704648cd1859e40e8298dfe020;31/01/2019
0bfa075279f6ed08efbb399bad0aa9529a986f9cfab2a492b1db444d2657e7c9;01/12/2017
851000876ac6b4b623b9be7fe55fe4ef03fe1e02fc6a630e3b3733e958afde8e;01/03/2017
1796721bc83ae350826492dd11509c3a03fb76b512c47e78bcbdc79fb6e0d4b5;06/01/2018
e934e055259191e6974b5574403c25d0fed72a7346133435a96e1aa512a71e49;18/11/2018
6e56aaf4c47f2abe0efa9b467370566cefef3def54784017bbab9981b46ec142;26/02/2018
040e115b552b98afc0ab8c66a9977706381c1db4dbe05b5a1b735a470a993d74;21/06/2017
83bf12c1f0b47905aa99c727366d2de6ced62b6ead7dd43e8a48cccdcb5db869;19/02/2018
a99e777125750bc6333d72e907e3bbfc7bed60141fd55159d95baa9fb9976a6a;28/05/2018
987cac4140325f3785ac7cff599a0365549b53f77bcf308ecaf6048017bff847;18/04/2018
628e7c98ce7e1c3291d3d103e6cbff9d9463275fe2f988f5bf35b388cf9d6be6;08/03/2017
080533efc041044c7b92ce841b4072ea7e904beacf9508ccf1c230eb369793b6;07/12/2017
16138482171f66079c8b548cc5b4777ca18cadd29ca9459dbe25f0250b2d4d70;17/11/2017
03dcb47354a12fd6cb22381bb63c7aa642ec8790c918fc4f82e9ea5c2ce539c5;31/12/2018
71dc50a1c02f7a131e494b298633a93b498d3b87c9776457a95512023131b5c9;15/10/2017
b7547a929e68ccd61b5cd0cec731954a8a2e29e2dba64ce544e59ce5cc27e291;19/02/2017
19650da03dd0ab25228cc7f41378dad56baf06169ef8dac5201dc722c43bdb39;09/12/2018
963ae22fdbbcf2c59ffe454ba56c79c0f82d4da4dda1ddcf96f0c100ea5edd26;03/10/2018
70737ead74a9ca92e298b8bc385da89e63567cc1ac4a58af9ada8d12876248fc;08/08/2018
a41ea822e21db021a96ffa5e136e9ccb54445839d224e91e493cdd08b92cdd1a;28/05/2017
c3ba7dc4a386430a2cc333ce9ddbd80f7b58463ffe5243dc3c24e9d584054c8c;21/07/2017
012b5ff1180572484884fa8fabe2b8f50c185ff9eaa27105e80228a3bf3a5c39;06/10/2018
8d5c501d061efc53fde932f5f58f01a095a9ae8cb2b658bb8828509c3ce01a66;28/02/2019
fa5f74e5858408b01007f4c81a923a5e7c7c4b6b2927bcb540bc919d6a76bd40;16/06/2017
ac53de8df6fd4b16307ddacc35b8f90f553e3161c188c0e401bd8b075403ba1f;15/12/2017
105551b07990ddef0136701e8f02b3a79da3ff0b31f585834c593229da89bec9;30/04/2018
b4189cb7b7950b0c0c7e96589542c7c372fb15fdcc971e6d3b3b1f82b5b563ca;26/11/2018
d03f9aaf760d023e71d1bd6b77486b964adce86911c1f5447b461ee746099a96;27/02/2018
d4b938d62b5c3407440d71fc60d76120cf47003115cd047a7f8aed791eda4750;09/07/2017
f64474b3fcd51cd9b528204c7c7b3ced8058fe6bd65b23bb095264ccaa4142a2;02/03/2017
1e6a90a2b4a2c7c7913f6eaaed2340c08d4c136aa46bea4cbcbbe521c2355613;30/01/2018
05eb080d065e8cd9412f968233870e7e771426a3019f91b592f700fe465f786e;29/03/2017
7e5e716e293b810e89c522ab89e0c0310281b6fbd1a64a7862b979b6a0154f9f;15/04/2018
5aa1989287830b2c695bf2be7ef3191a55b10b964bb69ee61ffac7f93cf8a94f;08/09/2018
937c5574db75d9fc439cac05a7909a03c08e3e4dadb7a52ee50235cce91c810d;17/09/2018
272829ae924782d146bda4dd8dfe20f038474605aa7fd10a84ad0a03acec59bf;06/08/2018
d2cdfdf5b9175f08b4263fa2857f71baba6a1b18c8e1965569ffa4c17355943e;23/10/2018
63867b3f6501bf72c4f38ac1449410f68f3e73b1d3fa4ec491da1f07d27540d5;27/07/2017
64085fe79484963802e8e7ec2460fc0296d56247774e5b31ca17b6ae1879a75e;02/06/2018
8c76d1989b9f7c4eee008cf79f418ee7c9d5f4cf4669da1677a6f5e7e0b26624;19/08/2018
3dc0f6b714f03df8041e7569598d75566154c23feef1d5df6fcba8d5a52236aa;25/03/2018
da83dbcbfad484e730fb0539971889aa47ccc66d5a9138a463f6499fd531c9dc;20/12/2017
86953427c5d9f9862b00485ed961838d28103b49332823ad308ab5dbcaba794d;15/09/2017
c57a8acc4d9cffeeecaf756a62ef4fe8b6d5b14e80ab73d419bf9a69ab141fa7;18/05/2017
88a896021b593469f75ba344a4f21a0a8e89bc420b703e83e6565a6dabf39434;26/03/2017
55cd710bb814db6bc1ae907da0b5f92ba35c38caa676d588b713c43812482334;14/12/2017
89ac71ac44dfe0176abea46e02dd58a092d45c47067664d82677b5848bcabce3;26/06/2018
89239528ca28df8b8ecdfee5f395c59f506e2378486de58955589af25b952a02;20/04/2017
34144ab23fa75914c843131b8d54cea0fc0494376b6e6aea3147f984cc52cefb;24/07/2018
28d4645054c706a93c87ac9f761324a427516f602546459f8586bd86807912e1;22/12/2018
04b45934f5eee653e089d8754dda7e6ff06984ea9c783c40e7ec93b9458533ef;29/07/2017
272da56cb8dba35c25f1c5dc0b7fd7a6caec60c8c18ab35cb94410505fe94140;03/09/2017
7741e62c034aafe8bbf5cabd4c7db9452118e6ec7a85ec527b84a19422fc1d74;14/02/2018
9a8936b77df45fb9f54b35973879abf40b8a022cd63ad7be87896d532410c719;23/01/2018
fd854154b05a536e770fc0c9dda68d29becf34e62f0aade3add0738fca178c8b;14/07/2018
0d15f04efe1150f5b62607fd0e4912d23c8eb4a111a3193784333b435bc679de;10/03/2018
655cf311d57a8aaa1d55dbeb3ebb1e13709fa50d956b3dfb425c253e09a48216;10/02/2019
d3fa7e9fb46f91e3850060dd5dc68fbb97de420523300e5307d089749e6dcad4;05/04/2017
6de918da4b44a7b50f61a301d301fe94201120abc002d4d19370d0133f33761a;11/08/2018
6f0d22f4acb5595031fa164e84be75bf7ef92ffa9c75ed767f3bfed123ae427a;13/05/2018
d7f821f83ec100d69232834e77ee54b569a88c1bcc777f22bcac54d8e69d59b7;11/01/2018
6c7255996c7f97341e4d61653d9346fb09295f10ce9f28e31ff093b714542215;20/05/2018
482561a189cc96a89908e67db0633a89634756d75cb0c6a19fa0d07e8268fa11;24/11/2018
1ea11c2419e7c44776e98fe76ea876393f65e3dbb27eef9f55f0aab4967b8dc9;28/04/2018
8e50cc04a6da826022dfcb6498aaae4f832c2034717ce877f09801fe60d66465;21/05/2017
d1375373588ce62ad12b3f426dc21b23c496340d11c9b3a94e3ca8d90bea690b;10/06/2017
c7afe7740586c9251d07ad01670cf849447113835d88159268da51953d322032;03/05/2017
df4f30d549abd4c98aa0f48a82db839fd0fa4a58f2d39e6859f9bfabe0640691;17/12/2018
100858b13b6e7a7672005df36d44909a3c36cc8cc2e15fe895ef7f5c6bb38fc1;28/11/2018
2436a49899042356b685b365e6a45bb83d62d2939fe9542d45a195d7099c8135;26/08/2017
75a56a93f46020aef61c5d580bfd621ee954d04727315c7a6d438a95ef7def01;07/02/2018
f0ac30b25f8017aaef65767cc270af736dc4996eff3b41b469870ee4e7960e80;30/03/2017
7e2a9f91ad607c12adc31b961c0cfa9332ba0d3ad8ee3a5a3edfaf52768f5df7;16/07/2018
36fd6d34a1ba1f3a0a70220d597dea8e47f12a78b63c7b9f6b77fc7c01bf9008;05/11/2017
f6630ef0e1ba2d86664c407b64d935dab30430403ba3a03aeaa71e351625dee1;01/07/2017
10b5e496338df7c07e6db2583433f86d54e605a0d2894c630fb8960e66c8a7c0;08/12/2017
7f738d2b0aaa507df5b94428287fadd5fa93fe1d11774e89cda191f34fd0fa9a;22/08/2018
3f8231a179ea84d7f86b94b6fcbf4476bdfcdaf72a0f6c7dc12a267dc08bf933;08/10/2018
9910612e4b47771338a9100f335e2aa2db1ee972fd117363e2ea436359ee27f6;17/04/2018
fcb32309be17faf6bbab911226886889f89fc069b6a76048a0469ae56f56a909;19/03/2019
95d464e9882f34a6a79ee14b707879fe000a68c8393b17cc3405a9a5ee0f5d6c;07/07/2018
4e123862360f333e119143e301918ae1a34e8f4a65430ca9c7d67b485f53dcd9;03/12/2017
24f0aa52fe17b4b33a5d13ee29f26f5ee87853278b93ae0a5f5b0360c96f6ca7;06/02/2018
d27cc0cbb9a34a4f7c5517fcff19d59655946978ee277e37f7d31365271bb8c6;25/02/2018
b268bf831d541d85c8b7c879935874f62a2fe91ecf120ad51ae5b66553c5c99d;07/05/2017
014f41f8eb6fb4fa37a43bb59e4ec8ce66804740e20377cc723d73e80befd30a;24/04/2018
adb7687521f91fe1a55ea5b558c33e81a338270a0687122454e1615d6308533a;24/10/2018
3b3790cba845d7d577f986a532d3676271f2d9798ce2bcfa3a175966358c1951;22/04/2018
16529a14cff7b4a4a4c06a868a9171052d11ade258b694a61b2cd53f514bc93a;22/06/2017
f478bc3a1f00683516dccdc8d89a14eefa40f9da9fbeb5c2536e13c7d21374aa;10/11/2018
f0e60a1537056269618bf8544d4694623367dac60773a8c58f51e9527ecff760;16/09/2017
7ae0cb88044ad11d104952b697b9a23af8347994d040c6efa9e11cb2c4ad54a9;15/12/2018
308fe8245460c3fc04e1f43e7af9267daed6294798cfc8a5459ca54ca30c3897;19/09/2018
fb787a9879424ffffd4fa79111c845c8c3a70565800d685b36fa1fd4d911f981;08/12/2018
498bab03cb25cb2c8686754b53ba1afd902c3cb48990afee3747cf6211f03cb7;08/01/2018
2647aa9c0aa1484dd545860de23d46284838387622c8cb51ba97242552111e4c;28/07/2018
ad9cac55265ce46d272a9bd835cc40c1acfce815cba8eb0ad980cc19370288ac;15/09/2018
a3b6eea904c109de5f281fcf824aabb5101baaa128b8239199d1fa6cfe566350;05/03/2017
1c74eef40f21abc2b64d6103ba6689ccc659c56510f68d2e8da9c42136ca21f7;21/04/2017
9fbde6734e5e22f255460d8e846f208e1ff5084314ed071df4ce79d0f5009343;09/07/2018
671b89b71f98cb8ba5a8d9d301fa1aafca8f2190e64413cb3b009514809bd0df;14/02/2019
f4d38e8284b2be763a73a0ea961c98e2dd949dcf87a48300f0784ee5299808b4;04/02/2019
492ef81fb2bb82f52ea3b75e1db5550cebd6423c97a2dec5a977f50b454c1920;18/08/2018
625d7b1b5a0f28c174a8b19e27bea10b5717ab3937d0e8bdd81c5c8a67a2fac1;23/11/2017
704bb01dfbbabfb78d7a3d38c4bedf11bd3acf3db2238a12d4233e3a2973da57;04/01/2018
8b80f03a1741e9d4d806a2adb4fe3d26e7eda751877357e1d7bb01f908444f0f;20/02/2019
208269821e16d27108befa06f0160e9072e1a25e09b568003abd9606fbe70aaa;26/04/2017
944611463e372252df6254fd9543b7522ed298e6d50e3b9f751214f41b11e698;11/02/2019
b772894ebc76236240fbb42f99d9d163a0d31eb2eb2da4fd3b9d05ee0c957cbb;30/09/2017
b1d13812775e3d1428c321789858ba02937b4a8fb0f485ddc01fddcb71eaf4ab;16/12/2018
2bb75f6d3548206606ebbfca2377ee52fc709a6d035732901c63ac17f2978e5b;14/04/2018
b68f2a996dcc9e99aadf3d831697db68b07c16beeceeca471d261554efab5b65;19/12/2018
047fbabd2af5b967c037269aff3a8d8e2164155bc2690243beda45056bc26526;03/12/2018
862c8a5f13b3bb04ed7a1988480ba1d1b13c840268d59283fe5d84bc877d28d4;08/02/2018
2d2f7b8873a30d247df3ca507ab43e2f9d4f896505da3b5144a6670e0d696036;09/08/2017
dedd2a7af6fb922e3a636cd3835db6388c1a337ac80e46b0d65f24a9ff3c1949;04/11/2018
9be7d747204471dd7577346bf7583f9fde08200a69a656dab1714835fd4cccb1;27/05/2018
70a3942c95060a8c6065ab9496e0e7f5234a36247db8936f9d8f49d8bde6c596;07/06/2018
17d53766d2daa89e46920817539e6e88f663394a1c33e992ff43d4d941157f99;20/08/2017
e54c15f4ed14298c2a8bef1287ee2223d56ef316b367d30a48e178be40cccb99;02/06/2017
c9954a799e268a9efbcf5bdfafcb18768d03ebef86dd081a6d231fc001464610;06/02/2019
5f24b6d08b1bf3bb1dc6fccccdc08ab176d07030e0e4ed8eb291764a375b38b5;14/05/2017
19ca3c14fd89d9bb6e436948ada000aa3826ac715922c8683dd5f8bcef6dcf49;17/11/2018
1c5dc8a293df5ead8c2f232c9de7aac24c3a29051a7cfe89b5a893edd2f26da6;19/03/2017
4e3c145127404b972be9b23453289e38b1bdab56b54498a9ea96ec78b0241221;18/09/2018
1cfbd8f9d80ed66ba2df5c707cfc1c6aa5a20dbaa5825eea267db1caa1996674;21/08/2018
63a2d45fbf366efeb8ecf696586fc4d409e1d18fabbb70c4ce6f2ccf9f5734ea;22/01/2019
7c6cf14cf02ea41213851cbdd378f1f6e577cd356c4f5f479a1bcbaf0d91e7e4;31/07/2018
356895ea282d653ad89c1dc54f44fc7caf853ee0dbc2c219f929177241cb282b;26/02/2019
a3fae53f7d3431bb620582dc35cf003e127aa686775362778a559d86ddf7ccdd;28/01/2019
66c5d762a5f8ef82b08aee08744e0341cf8c5a12d561758c700cc0245261587d;29/01/2019
724fc32756e4f3909b9cad58da445fc89eaede501f8c337207179fee5c1286af;12/05/2017
5c2270c7bf5f85e30eb1b4c60db9ce403c61164b8bf377d086f0b8fef97cf149;29/01/2017
fd13ccd2e956a3b503a939d8113ae2e7a0faf454eb8121f12ed5724aed8ace2b;18/03/2018
e412d9cad5c6443d112abf10f09cf0b1184b2b8570416547adcde85e936c9d8b;03/06/2017
868f1a3e51ec347205dc0e1db158a318abcfd07d327c099b8a5cf1f63f6e3c39;21/01/2019
98abe967ed1a190a26b79480cfa21b763a11a31d8b107852f9429dd3a896f9f2;25/06/2018
ce664999b16c265fa17aa62e33d07dcc86bcb211b73807040f9860efb63d669f;23/08/2017
020ed07c11da8581c3d1b4cbdc31d2c1dd5ed4928db18b19ca1653496e1b050d;13/01/2017
bc6f13c3b26e3cbb379227e7e1dcd7f86740dd55d4c951a8ba8de2baeb5f5b06;10/09/2018
09d2746498aa0aa5c6624d4e0d4f2a83ae85666bcc288d24152887e4f243ac16;10/01/2018
55da6ea615fd35f5581886379247180e8a3d7e0d1ab3398e1b2e266019aa63b4;20/01/2019
384ce336e68ab956587bb96cbc7510288bd03b8a7987b1bf68240b2eeea17841;04/11/2017
c8641c8fbc8fac454cf0960ce82380119d07f2e832de76e4ed57e73c8a603de0;04/08/2017
73437cd49c1e66749afc9d4e22df7c23b07ddc227898f9b46d51e37adf89a92f;07/03/2018
c04cb72c2b708471e907173ff18b282a24d72772a7a78045eb0b6fc8dc7869a0;03/11/2018
2d3706753cdb77e1e3336d715db70c9624f151eb6ae1b94b584ebe2617118150;03/02/2019
7dbb7066a9cbff2d6442dc8ef2c8944a42f818cc88c0ed6009c4deb8aa322c1d;10/07/2018
203c0d96398a553bab49d108dc1eccdf740eaf4dabb7213c9b1e4f87f7cf78f8;25/08/2017
fd0492ee1350f468b2744e4066f0ecdf0a47699eecba5d1ad8366ea4234dd0d4;10/10/2018
62cd6380e1192107bbf47f90e67213c00c05959f864dd1c1a3510e50adc164e5;22/10/2017
6c304c12a8051f1884d13acb1ece97b609e14bce639b4765612388c4e4efde0d;16/10/2018
6c27a5eea50bd5f0a986a4320b053d28edee97571a64c912a1c5610a26bc0015;19/06/2018
34021714afbdd1c2f337b7d696462700c920ee7c29e9b93fc4e65e1e89d8db1d;26/12/2018
ef9d891c8ec8bbd80cfd65826f938c6d01dd82f5c6d17e2acb8bcd0ce6b06789;06/06/2018
ea222f9c4a3d40f31d9f1ca0f418f56043ea7ada7329b2c787ca740b2aee278d;11/03/2018
562cfda3bf08a564caea866994615fe48cb8b4cf3cc28bba1da7a67ce8e5c530;12/01/2017
db68b122d7cb1a54b843f1e9533a1ad620acd7c1cb98e6b70d939d7961ee1358;01/01/2018
e3401a67186d853d80b40a2a828db8bd4d65c1620ff0bfd7509d4d973b07731a;28/02/2018
fb5a070fdce742507b11bd18bd93608b50ea33c69c4ba9a80f6c7267c5e75527;23/01/2019
fa211c91cce0eb31caa292f1e6d277a91f6e62ef59ea93e02558f11129cecfb1;21/01/2018
4ff5af6fc90cf223d04c5eddbe4443f0f15f3c7130f39b0e007f7e6cc29a6083;01/10/2017
4a3933e506f2f5b8c8fb2fb409e2b271fd35ba8f788c2145f3c0654fc37d7f51;08/04/2018
53ac7df9746af7fb974a950d45dcbfcad247baea575904305c55582428fb5243;10/05/2017
df80bbfa6c38d1f4d9a3b8f4368ef6e2768d93ed9ca7dd9b3c48aafa24e6398d;29/05/2018
3a92a8d35507df3c1329a166bba32d57ff40b212dda18f33efd4bc57b4fa10d4;21/07/2018
9e108098ada896dee857e108b06da2946fa70fbf5f1d27ddd2eaa7b89a7b34c7;12/08/2018
ba9850fb9676dd4bc08522a58f6bcc18d4de7ea6122a04cdb9015b4d01b3af3d;23/09/2018
06215eb59f69ff6ebe02ae2e8c2815e82815bac62515d7592885023c98a34f6f;16/01/2019
20bbd0d3b6f5641a71e308be2a4388cd494f308d00603732b2cd82f947b2bfef;17/02/2017
454aa5463a6f7f8db321ea21a61ade08cce4714c55510f53e8687438cd1cc330;03/01/2018
ae2580258e60a9ecd384e4054741ae74ad37e89af5e3145708756fcfab022821;18/02/2017
b0bf1b10a8c019fc53ffa8ae85005db6cf42e65491d66c06ac6bc13f5e14278c;16/09/2018
9c85cb14a9d17352742ad365ebb7ca626468f5f6f6e6b59c503fa745ffafd472;13/04/2017
af8249e080bde1962ffd72c9422932798fcae5edc3c1725557fe367659445dc5;17/10/2018
e8156335f79dab4631bc8782ff226ad939b229a7b2a522b5100d27571849f785;13/08/2017
694a441f979bbacb5a18d4d19a0dbdfda0721d7db399bfe85e8e4af154f45e8b;05/06/2018
13f7c7a7634950576bb76095b6d085d4f25a875cba84242457418d245a00dfb7;11/06/2018
161230b977caa6c0e582b0cc4e6e6c1f3cba2cbc96c474d076b23d163fd87afe;24/09/2017
51235e3156953a7b1cfa839fe7d1029ab2fe80dd8158391a7ae2c5d4f9398085;18/02/2019
69d332691e1696723fffe32e0374dcb5928d69d4552fc6cda3f6802e6df781f5;20/07/2017
1c7051b83da2a14eaf0d710c1e6e77a8ef57a598fd897ba2ce6d682ca015f27e;17/06/2017
53596ea9a6c431036c9252eb4415ef9e50e3af99339cfbe0313abd897d78b63a;12/11/2018
5d1ea14affd734cc0d41745ddbfde240935dddc72e513dffe5f75af04be6201b;26/03/2018
86fdf1a76d9c6ae3af78e15f4eeccd275be25c547a7690961f9c84c6d07cb78d;22/01/2017
59c14a98ae07c4674de1753bee59f46dc07c6ddd2eef9daf1311819e7033422f;11/02/2017
bde0d4cc19c47d134a65da72b5cae0f73a8821d03bea01899922d3adbff3501d;05/08/2017
e15e6e1a07413ce57a7c255e2531b54cf9053a395d1465aad497924c81ff5475;14/08/2018
07de09b27d7f7123bcd51655ee4676d56c6a17c18793e82d7762bc693478121f;02/08/2017
d65c1f04d9cca7e8da8d6ff36db8b2e0f0e5f81f7b5fb608839ed64241788b87;23/07/2018
b13401c0ba118cdef4121a6818f42463c9d47174a1297aa504ba97f8550b9515;13/03/2018
2b4469a8297487fadf6ade751cf837e0ec6fedd4bc097e56de6bd382423f32ab;01/02/2017
e68f32deb0590059118c7ca793f7976ab55f08be732f414dfe1a7c0abbb0970e;07/09/2017
30d18ac545bfdd95f4102de1a74ef200553bf0275088561d620136a9abff4e1a;09/01/2018
4326e0028d25af9738ed3755778916ae43bf6ff82acfc4e01d69286e83722690;11/06/2017
4756ebbdec294cb59be61c180ba2ab761a62946867d668c9854e80ba91248365;30/07/2017
5d4fc7cc39a47419878c762bb5d1eeffc8ae67bdb53e57372af43f2531dee72b;22/09/2017
da166b71c22dbfaac920c918d4b2d7485c541413eb7de94b2ea8706c2bfe4160;09/05/2018
4b98469867a8b871e1f2b996fc10b15ecf1ee2a8c66916f581e3ac49ec393400;10/06/2018
11cf4552f8f27522e29acd5daec80590de78b438fc55ae040d397ae67d3dc0eb;04/03/2019
b9024856b1d68b85307ffeff95610939be3f8e2f90d4a540fe67550e786ea448;21/02/2019
94d4fc4e613ec943528d8b7c2d2e3a9ba5b338bec6a2f1c7708976088e3ad670;06/12/2017
deed6cda03e5ab537107ba21a2dd40b57703fb99c7a86bc9a9da9786b088f6c4;12/08/2017
7b34c79c0ec9ae997efe4a2dbe55261a2c18586f7aecb7b36cd9716c6227a2b1;22/04/2017
f7d5a458e3e6f21370a657a54d131c9f3ade02e6a884bc379207bb1f95257e17;12/02/2018
beb3e1feaf03c0c3472d27641a321a402d88640baab22a289eb195c05f726b17;17/05/2017
02f82ba157ad64a46c6504844763f9b87737bec88ec244f51e67bb3ff8c47a19;17/03/2017
224d7043cfb0d6873ffb28fddcc6ccaa039fbcbfa33b583acbe5b2a73e5cb3a5;27/01/2017
59615e8f4fe163c87f17746e247a7d4fb2562f4e703a7a8caa747bcb0ba83582;18/03/2019
984e82ab3d62a79d0e66c03aed6707f654aa7cae614137658853d8463a42e339;18/07/2018
95eb53d257c8220ad4edc108fc3168da53e3363496bddc6c958c6bcf130a85ec;30/12/2017
7880c449a59e8ffb48fd57396cd2480a99d3cc2cdb7cf3d27098539d83525e95;25/07/2018
f511e204a87953436f071d80855b71e7cb0a674efac6d784abc15c728d49bf58;30/06/2017
4dee19c134f99f6442b6d69669eafcf795a89f395f47dcc3fe0abb373adc8c7a;21/06/2018
30f9d552fc0edbe6f6a3e7d82e704093fecf39a5b7f0548857375d5cb0c85d2b;10/11/2017
81cd7fe88cf819310c6fd5337eb6b73253357e5689861ca9600992d602631900;04/02/2017
ba4fb41da14c6b91e45cdb61e8c7018f606bfde35131122d768bbda09ad52281;30/06/2018
76399b53ff29c5b91bcfef7d23255ef8142d6f74584e1c73c1b9f5df0fcf6315;04/09/2018
161f29494d1b83a87a314cae25add3aae2e0725535d43390fd5b34d590bf501a;22/05/2018
6e62a1ba8009c4992d2f57d3adf705865db7c9f48e3e2819ec06d88bce89f43e;17/06/2018
1c8b1935ca797fc884681eec60f6b46dc9f8e7462f65e634e6298030b367da52;05/03/2018
8188230632772a8bf48c4f060dfc4072d64708507c9b73f4d3410ec8a68f56da;17/09/2017
fc2f49f9abfbca921eead0478918adb98a6ec13826d152b77d01eca5e109cb50;01/04/2017
3a66e5df2bf2517e2aa124284627715e676067c9f0b631a2d462da3514c0f0b1;11/04/2018
b857cec06e30daa54629556e72fbad8c1eda3e6535b7b0e51ad620c705dc000f;12/05/2018
a40690299aa77c71c101abb62bd4012657ffff7562d4359ce599d66c8001c0f4;26/10/2017
19ec39da4c0fcfc41fda09268b79dd879961e7b2d82926a5518160f9f2bcd646;06/05/2018
f377ccc5c596b8fc6b1f06c2c603583383a3bc37ec2d03f429fd7a9cce77aa34;13/07/2017
d34977b7ba13878d3f86b18b4f59eada667ebd45da79e825d164e55dc8bc3d9e;10/02/2017
748c34853dcfd06a9c47e8e64fb62c6f63f9ca40f1215f9cd61e930c657153b3;18/03/2017
b49479a795777ea040e716fb098ed3d42f74583720f6e6fd4cc22c8818e209fa;09/12/2017
3d85164869189f46965656e811b6468805356efbdf188444af796950910431f2;30/08/2017
6e0fc5444df236b35e0ffdb6ed0c2f38c1c3260026ceda6828399f3773947a55;09/02/2017
a09d87deeefa7ee002e8ceaa230684279bbb8913368775786b2fbbe01c780c51;20/09/2017
19ce254ca196ee9515c8da280acdb129f1ccb0e5f00764519a265324db4d7bac;12/03/2017
0a32254ca6c354783fc6ff5e585fe9961dcab534ce73464989e90dd6d6fa4fe2;05/03/2019
6d8ea90300528542406fa171f99453205c3c1bb734170ea9a8f015821d013c28;28/09/2017
6124ecefb8d3f7cad55553eba18e83fd5cd1b52cef455927026deb54189cf67c;17/03/2019
ca19e1ac6b34ca7e6c1fa53963911a581c4956f6d3846f0cb22208cc0d273ba1;07/04/2017
3c00e4d287827acdbe5b19b10aff9339f7a804e57fdcba824b1d18acf736d097;30/07/2018
b9ef94a5fffb24066869a65985907cd73b0ff3ea02772f01d0884f9610b8e027;07/02/2019
cbfd1a2b5fb5baca9f11531811a674112ee684bec666519385c3cab04aafef9e;18/12/2018
eeb5a00b27c402988d4cc7a197a9f58fdfaaae5891936e2c1323a22fab1d65bb;31/03/2017
4666097fec5b44daa37b707fd673dc9929f92923faa9c9c31f3be9d4520c88fe;28/10/2018
6b8a45d3e1076349f753d22dea1df994820b3a00e2f86ae3945b2f6084b55423;05/10/2017
50a0703e7b5e032f6279fd07bc0617c28f95cfb79fc986051a4e202f23ecfaa0;23/09/2017
8c531a532b94b2bb977326f0d612aeb18de6bf441f7526a47a51db0be4ae57e3;11/12/2018
2803812d2119746c62db14b903283ffab628a379784e7d116fb95be25d6f2769;12/03/2019
b19108868dc646d1242349bc5937aaa8a457d761179a0811bf0e7ac9e0d41d70;04/12/2018
714115c1e68e146781c1134233190d382d5cfcef637a325e3876a2b6008d0e32;01/12/2018
e9dae8a1a7c0033229e3657a237328eff3fb845940e0c636f28e4ef29b3d345f;01/02/2018
e7efb624c12d61f375d2564c68412206cc9515f1a5ceb4c794313c2c5b373235;06/07/2017
9db0fbaaed6a9acab4e669a0b1abc7903bbe3be2d6edb5bafe13fc2db9fb1b46;14/01/2019
db944dc87e1a081122ab631390501154e537acd15b9ff4ea275f8c141b6999eb;30/04/2017
ecf05c24f6682620026d54c260f8c311f07d415193f626abf2329afc4a8c3676;08/04/2017
10cac93e3100360b9b9c21ad0d4dd7b9ca95d836997bd973c26e80b1033b7776;29/01/2018
69d81914b6f06e268852a5a568e17b8bc40f0a083814739534b4d2d8641128bf;09/06/2017
8e35d9c0e51397794c80eccdc82259d5d89a72e15619daa892885015d666eace;16/08/2017
d455c4d722572f3d989e41722c3d23d75da255f2d64435b4c924b324e5dd49cf;03/07/2017
ea7f96a9f023e7e2e8f76863b63898286c2c9dfea1e2b1125000578c1dbc39b8;02/09/2018
77e0a35883a2b14f9a268ec9a2348e41ba57753aa7658dba4353611bb5d1703a;22/12/2017
760256081eb58577168074f6e6ca9740c9d08944bda72f7eb07d99adf1f4f661;03/03/2019
7049178ad3f67e6ff66ea7da0b12afac9a37fd89a915bfce21960fb7d84f88b6;24/05/2017
2364cce16d4e2ba153c8aaa279eb177644a3163699950702950d2909dc3d7b63;27/01/2019
f25fc8149da4a889d03f3954c756c35c23e8b3fe25f2cbd64c06cdd6336b743c;19/11/2017
67d9b588f484273ecc51f2a614121401c0a36c38b254b82d01a474f4ae578407;15/06/2017
03952b2bcfc04b5d3d4bdc4a2857b87387d4549b0ef98674f36c04d4a3538e83;18/01/2018
451506eb7c657a59f6cfdf5d3532034efe11d487e40e6ec88fe56bc690d32977;21/03/2018
8c5f59ccd450d4c577c525495c470d5d327446468c0acb4bf571af423b632c9e;07/04/2018
07bd84c2bf642904696ccd16b4af8f4017ce33b3b4312427b35b48115a96b183;01/04/2018
e930934e10c51bdd5185c8999dae69fd9a525e43536864bf27ad868015a14ed0;13/02/2019
d4b540d4f509982f885d0a65dc15dc94e294be64af9b704874a4b9731acd345b;24/03/2017
4ec5601055ad4a0685e8b141a38a627946b7f5b8edbba2330420ada85b81bc91;25/03/2017
74af0c62308472cc7a0ce64ffe9e7f3e591494200599150c0c07e7ff9af5c75b;18/02/2018
d58c7e629f66d99b3b97d5327e3e59ed7cd30d11427445a84bcb67642eb71a00;05/09/2018
bce962fa1c6091e295efcb3732ecc432588bf76ca634e1b6c8c2dbbff2c4c4ef;18/08/2017
4dffd0c48a064b960532bea450f7ab2600d8949b0a1dabbcbde34b4e99415dff;14/07/2017
b0a3380a695c67cd830190ec28a3043b6de6e454ebe8e68fa7a3cf83324bf6c0;10/01/2019
226c49bda0a9ac205f61cd8b877b4b33e8c9a20d3209155b0b1ab5420bb0facd;06/01/2019
ffbbb403830c35b87a8761ae4c4ba1212b028027d891148ad9aa3e173352541b;02/02/2017
7ef465638b71163be1372490bc191bf760ba3eb350e9563c9b230ca193bfbc00;30/05/2018
e96705c920f936d6e5cebdcb2bee477281887e583e9079f3525d513a516e5c08;17/01/2019
3260010177c07b09741dd7ecf0593ea4b18aba8ec2b09c023eed368a552e4ade;22/09/2018
b8f16a1bf046e0a0f950cca9402731685b3fb85c70a151e223d595744bde5777;19/04/2017
a309388d7a1f1f119f34148771b061dda81241d2f90b6edf1ad1c8e91c0bdc29;10/12/2017
3776975484d88d7104b84256325f8cfc0040573a00bcb7ae907ec8396ad9eab8;26/05/2017
2db2b60ac94f07fa2c30fd43ae241069839392a94b1b65060418c8667a0367eb;29/12/2017
f953408d9f39355135938f42d91a02c38fb66337bb6b1b7cf566f17632db6dfb;18/11/2017
c03bc4488bc625e6121e6674bdba9f827c938bf4812d7ea50f47eb5dcbab2528;25/01/2017
01bf5dfa6633ac6553c271cd4e22d4acddf55d3695c42ba6c3637bb4f7915991;19/05/2017
b06d9444c4a5ad1707154a6441200dd3b114b017fe903fb17da51ae841f4c9a1;27/12/2017
c228dcbf21d7549d6c1841eb77e6818c0e6cefb2c50062bf71bb0005e92058a4;01/07/2018
49ea62747d36323a557b5a407d9fd232f3c6fd7c59c4cb6a4f23892838c91d0c;11/07/2018
629d6047f4f295fa8ea04e219f8da3d517c07375e5a07c2b7669db401edf039d;20/01/2017
8db11823feef683cb7c43636daa20b325a11ba608bacd0ea747f6cb7e8daa49b;11/03/2019
8770fce38051092993d547c50866787f42a72d36e086dde7c1f673f4ca99df96;06/05/2017
426b602eb959cb9cbe36165076544b0d0d89f112ac1c733b89242da39138db48;04/05/2017
f16bed2134b11ec6be2bd170bdad2bd44b2f07c9408e133a9301a15f0404d168;10/09/2017
9c7edbd56ef20af96821f8995a92260274ebfd6f445470ce0254283d377a6cb4;14/03/2018
a15247b0e50cbd6566127e1ea5e3f068b79fe4938c0c69f71cebcd2ee91fbdf5;11/03/2017
cee781a6add0f116f9406e7639bf3c0d9491f4a89c67f06187c487042c46c38c;13/01/2019
c5758f9768f5f6fdf1ca9484db3fb78fd4c6982f25040d7213f6f16a8e5a6ef3;03/01/2019
72173ae36213b8f687cfb17e7ae501405cce2c63c06e2cc56730851a4e1c255c;29/04/2018
dde32371a23587dc71f8d331304e93b354f35bd19aee364efdedefe388074b16;16/05/2018
cdbe549d62d9bec228dd5258dfefe7ff14f3e321b0d31cc13e5efa263c56dc9d;21/11/2018
d02c96912a10ec7d7dacedb52b453231ad928b684afdeba2d3fe1120e81094a3;19/07/2017
46d55e5af6008cb2a6703af495774205496b2a6db03e1142c2ec39b7b4d6ac94;20/11/2018
b649618bd75ce9ad06ce8196f8370df2540ec8420feceee9624df468a127610d;29/09/2018
a2d0ef0570728c23e8932588fb4928ca3b340f809e6ce0d22da14fc8e33a429f;26/01/2017
569143749dac20ffcca8ef8ff3b3ff8dde29672fda73645cf14c097785214f28;02/09/2017
6780ad2817ea55de0dd8e6aaabde098b40883c1d4f361b297f47d476196c166a;14/04/2017
75179493cef189c7e4140a4f582a4973f4e5466dc26f3d1d6e7cd179f3fe704f;27/03/2018
224e0275f92cd84c531fc682770f7a2d07f240429b2066ae4e17dab2c678314f;07/10/2017
6cc1dcc53fcfa11e3ff4fcb8c1d50f64f67d8cf7eee4dd73d82f14a1d6ee4744;12/12/2018
0a00c453bccf2162a32634dbe9ac93efe7b0a293f1e16ae72c5596bac903087c;14/10/2018
b9275af3b450f3078608ec6e6cd77897fb0236bc4484cfeb041b3157500da7d3;15/08/2018
97f6f00e6caf71883b0ced35159769983f9e55aa04e4d09b9e6579699558afd2;23/05/2018
64bd36a9404e066966f18989c85a4682b4454301d4b2b2e2a199e17366542862;31/01/2018
91395c98e1507b183130f2a9dfc53784fa86d064828dfeef3d2ce1b18a930005;28/08/2018
9802703a096cab90d9cdc536c4325bda499d95edc93912fba17b10fe69724934;13/10/2017
34ae1b21a1a0d4501a2eb2cd18a3f603b37a782a6ce5b3ab6cb154d6c62756fa;07/07/2017
c4a5cf3600249fb02b541ee8c03c04f2af0eb57118cc0421cc5f40e975b3f314;07/11/2018
bfc4c1527b572f788ef1f421b0592c1d12060b6c864a206e1e8b18bcf5b2b17a;13/08/2018
e98bfdd0808f99dd52c085bd9f33666910c88141435db93802da6e8ba3367a66;02/04/2018
0b2d476436a18d7ef3c7750df7e78b75b1c54f7debe9f1737b1d99ded3d5e609;21/12/2017
b10d80027d54b57353b59c879e216de3bf3419897dd67d28f1425dd37ea075f3;04/06/2017
19d783ab2a52b90d4827202610b16448d56f143b1ca1e4e42feedd0f13107562;22/07/2018
24936713182e9d6b9986615d4b64c640227fe71a2cb93354c0f4c4e621db9bf9;17/12/2017
01894c4731ec3575bd422599d751df9ce058be1bf2e517972ce7329fca93ca28;14/10/2017
5119f0dc03f8bf77ca3de9872ba630ac17461170bdf4fc0b87de36d954af7168;15/02/2018
5abb87043141924b71ca827b47afc5259b3adb28dcf5d04ea4108ab4a2da91ef;15/02/2017
a7edc672f2e4e1151e3dc023a859a0d9e368c3c98ba9420304f520c0fda20215;18/06/2017
b7797a521f0354f8c21af39b6c25434adddc6648608dc0c370558ff278c2f5c2;28/03/2018
7794e07345054d7f462cec4fe0bac7b58dfd38014c0f68a47797e719f263af32;26/02/2017
b372c193b20c2f95e98917e0956aef05441dbba05a1a7bc99e82feeb955a4dbc;22/07/2017
9b57dcb1971179aa7647e5d3794ae8fbde2c8da0ded4a2401e22dfb208a6ff56;02/05/2018
365de4fb441a442cdde635d0c4d4b28909522f9c6fa0b7c115ab474f0040e7bc;02/01/2018
d3776fa71cbf07f1da2709bb54e6663a192583fdeb3f42d56445c5ba5e0cbb6d;01/10/2018
e38c0919937a068e95996dbfac4121a7cc7daa92f88dfc5a0641d39b9e228a76;09/10/2018
1a12ddde2e3444b4055a37cda3b300cc08f2826591dde4f017bdd9abaf395d71;11/09/2018
6480bd821567bb54f74e4bb5d43c94363e7e96013cbbdcb2b95a9a26e4dd48d0;06/03/2019
7f20fee0e5d05fbe47e35fddfbcdeff42c54ad9e83be8d21a914299eb37a3594;30/12/2018
4203dcc9fba2a47711816c8ea7456d7848b050c2bd858157cd4f377765f13d26;21/09/2017
7daeee400cf75f92f3fa664818a0038b49d8dc018410bdc64f19569908e3c135;24/03/2018
4686f7d86507a0c517fefa9990dee04cad6063a4a3d5618f9089ee82c4280534;12/07/2017
8e985796c2587c02968c287710e4f3f8ec3963db34ffc4443b3dec8437797804;08/05/2018
a341c9fe1781ee3023180e1b0ef34db01aa450da815e4ec858605578d6138f45;25/01/2018
64d7b6b59974d712ed229b301e0a5ceab2c361c08f546700acc59e0f14e02f42;18/10/2017
ce98d7e2b073d5987f181122f805f4877818ffd6ba9ac22c177cfb49a19701de;27/09/2017
6f793a0bd84be8ca6807fa8ee52906ad1fbab2c2537bbbfeb8e2b2fa73c2f657;02/10/2018
7d7f761f04bc0d1b3f4b4178132a76686d35ab2c1e2f65e69c87fd3831ef6367;22/10/2018
e750d752f2beddf5821be8161ad7e4330dbad407680ee35cdc034870cb4bc383;14/11/2018
e6c3150d53dc6a606771153925f023d09fe034fbb734f3abad639d36cc515fcf;07/01/2018
9640454244711027fe44734323590bbf329a5f8af5ceab17f812bbeba653cde8;04/03/2017
4b1e2c7b5066dc649842b51284f530458f724316a1adcb25d723d14ba37ed478;15/05/2018
a41a8dd4db0acf4de377701bbf72d8b6df8d0a8dbb57e6638bd67c90484eb8f6;07/08/2018
ab8c485eba03496da76fba5d4c7a1fd7fa35be74a72c438f291dda9ac0e278ed;25/06/2017
1a79aa8ea07d82df74ca0fc1340b7cd367068f84e566deea53b398ab39a93835;29/09/2017
ddc769ca008d514faffbb8d8090685b6f4bc1aafe3a602b1ccb62bbaf74d615a;05/02/2019
66a46dbd7c9209586bf1b50c3e1e80a0e27fce56b6bd59df09dd840debd18e84;05/05/2017
504c6b7ef4f13611bf560c27711ba1d08e8df9ca71c2f693e270f5f4c86f2e5d;02/07/2018
9457e8f34b2c1f2d166f5dce7427919a0e2059258c9172ad3385272bccda168b;16/11/2017
5750efc8060765dac078b7c0fbbcca3d89828d74df806179d6e7e356a75b573c;15/11/2017
88e6aec382f0b4b469c9c735d26f422033da7b40c7c66af282e3a52794c5d4a8;28/06/2017
f2269fbfb0367662487403646a1baacc376c15bd34534863385148b5fa1cd7f1;31/08/2017
849cdbdde9279e75c989431b203aad261b4607de8ab7cc4372e918b56a388eb2;11/05/2017
38c571182e7cfb7111d99f7b196b21cb3f66cab9a0e59f5d8cbca48817273639;13/02/2018
448961a522478cfec2ace97fcc9a4244059ea20d4610b99be4e5236bf0fa85b9;01/01/2019
ba95e298c8f428a578f2372f6caccc9287aefc596f835156a4013ed925a33e7b;01/05/2018
29aded550baa27576edf9091633fd02a4f0d48c264023b1724450554461932cd;22/02/2018
9a67769d0205f31830172730d1611cad800d45704e66ec45ec7dae76ce39a658;13/03/2019
ec23a5641af3b018c5fc5ed137a243f4277894f94e2502395cd2a68e1b54e242;12/02/2019
6b902ddd7eec0c384baa900921086d7b2465c6a856b443d246b893e4696ffda6;02/12/2018
f323c8cb3567bd2a25a29dbd4072057e4aa31fc445e05b7c8f3c1bc48f32ec3b;29/08/2018
d484fe61529cddda577b836d1cb28b9c3435897b90855a2a05b2243b9fc113b0;23/04/2017
13a8b161e869aa431788368ec3eab835130c7ab0ffacc2f065c15e098d501a96;19/08/2017
45239dc667b2a3093aa85c1fce8ab0f8b1c08b605fc704ff80670e6cc44644f7;30/09/2018
c98659b78575ef47c2d4239ad482dad95f30cc1686e97db482942a1abf657918;09/01/2019
00b966432a219a616fea56327ff19361599c00f70f595d68710248a18c4f0d20;21/04/2018
7a65454490718fcc9b8d3d80c0bb2613dc79a9ef8aa1182d9a097e081905d686;15/01/2018
87cdfc266502fac7cba32cd39036a0439d91aeaabc5a4065ef197b1ed35ce567;26/11/2017
b09febd75e8ba7906bc964878ab185ff3f1f8614bf1c40e0d570fc1fd5be5261;21/05/2018
4745e306a8d87d389c536b3fcf521916546c14a59a9d1a7a06d413145c0db0f3;03/09/2018
a737631f79d0545e47146bbb594bca3ac4a01755107237df8256152eb1edd941;07/10/2018
c28d76b6115a13e564d9a401ab8d9dd5061bc99e3ed80c07615d24da344d1d62;28/12/2017
da45828b4f81cc1d97fbd20f13c7cdb065942b05e8cd4820cdf6650579460d9d;31/05/2017
69f290623bf248e9ba12539a11047b08dab90b67ed106852780877681dc4e00f;14/03/2019
cdceedaf9aa816346fb8e7fecdd8f44b2ff626b6279d6df764ad496feee267ea;29/10/2018
5f66771be26679a0e7b39731a833eaec1a5398689ac502fa2f7ed1fbd9941012;03/08/2017
014fc0420dd8ca0b2ce81778b5e4d5e29710665bc42dbe99573f12bce6376f8a;23/03/2017
1358c6360bd9a073aac2d5bc4132e9774732ef1b9c43fd9d49cb7cfc00432759;24/11/2017
a7f9d577161a57b5d5a7b43ad3394e1e9b4488023e77e1010d0e325f168d6468;09/04/2018
f1b6773d7e441fa6b0350df496f7a59a3cb11c685c58c05aee2bde8ec49d2651;22/03/2017
