PK_CLIENTES;customer;customerkey;address_number
b928a41d4e516f10e8aece01d420858cfcb69a7140dfd1d2a690f74186f8441e;Kensington Market;10019105;10019105
a9e528faf8c6178755746f8d51210707b29f33f6b50011cce36ed4d50351d42f;UTStarGate Shop;10025758;10025758
9b497e2a7593ea218c624083757efe3f0f3def478c1952189e3b5dd0ee41830e;Your Market;10027050;10027050
ba8e35446c67a4a0dd72854bd80b45b499a4b5e31b7ef499024394fc46a4fe31;Quantex Supermarket;10022183;10022183
3cd021854b1abd4295d985b37b1fa08d7c5192666c4215cd0eec420b87daac95;Unimedya Shop;10025508;10025508
ccca1728100b65f7914f9e9156ce460df96167f49155cc01c5dcc80f0d0c5737;XCOM Shop;10026522;10026522
d9b5735a1f274f64b7bdc951f0bce82bdbf9687a6794367213bf26b7c1b0ccf6;Southam Supermarket;10024524;10024524
9de63f80144dcd5fb975a485cbb4daedb78228723fdd60530a24d4d271c42696;Cam-Built Supermarket;10007577;10007577
e10fc78f9b3101ad758da6557540a920205e7d6f20a39ee0109c329fdb4ae329;Rave Supermarket;10022678;10022678
9e6f69675d85aab38855ed52cd51f3caa948e3e8ec6fcb652fbba06c6ea37253;Team Supermarket;10025237;10025237
69074ab671ccf307e67ea441b67fc294961c136c5f8a812a11cc673c7f59be70;C Market;10007121;10007121
c35686407e7db87bcec97ffbd539eb0d7ae796da495f8a04870bb0251f4e447a;Talou Shop;10025034;10025034
0e540ebca44388649aaa90b1e883c0784d337a5ebbfc4e00800998609a66f53b;Idyll Store;10017307;10017307
41c261b5e137eeb92e218b3c55709b4c30c1887ca5b243e090642f007d0fbd2f;Maui Store;10020193;10020193
5c9fd2107251972861fdc1c6b1bec7be7705eff9c3df68aabe8c7a373bf72fbb;Panzl Shop;10021418;10021418
65cf7aae099298ebc55f940e072c625eec4a4cb0fe9a834dd46e58fc0541b6b0;GE Market;10013472;10013472
72f5cfdd8d9474d0e009cc3310fc54264ddcba8df01fa5fa9a9d03d8079ea297;Hederman Supermarket;10015011;10015011
2a7a5da1a2e986a7fd6f8ad0e8a62823fd500f9a61f05a01b62e0a873eef69a9;IBVA Shop;10016858;10016858
d7028a35dfcacf17453ff0761a67e0af2cd3ba0c4944170493edc933540e39e7;Livezone Supermarket;10019913;10019913
bce421c15ac36a8c95a9ba059ad08f9b6298a475243a9d845cea196d683d2069;Nanao Shop;10020448;10020448
c0f802a9e871db2df2b8e269a5e76d1a417b1b2608139de1a47078665d1bc0a3;Pacific Supermarket;10021158;10021158
f831cfa5d88cd84e0fc52a6960be94ad4433ea585e9f97a1bce7e4e0501cebe7;Active Supermarket;10002746;10002746
64bc093a71b3803cf7085358a36f92a7aa875982f35b7fc86e2a163daacfb36a;Cadtex Shop;10007309;10007309
da8a4895adc7bd5402deaeff8bb2a5fb100a72ef80b90a19f9b4dfce0e496e89;Papyrus Shop;10021459;10021459
ef7ba892d0ebc9ac8ec4f22e06db552fb07c33a364e3536a54e55b0f6bb7fb3a;XVT Shop;10026843;10026843
203ff20d1ad924533cd225dfdef4c19e9c26273e64c951e8e714efe2c5f1b434;Active Store;10002709;10002709
5de8aeb3da743c45677d27ece97ae3a516b9b00283e12ef20fe3b3928a9e19f9;Farr Market;10011521;10011521
2bc7164456cb2c41a059a880669ce38d3234a962631bc97d6ba732e7ff1e19f4;Pacific Market;10021203;10021203
98faec05783c97610e62aaa1f1ffaf089d33b324fbda74dc36ee78047af74037;TICOR Shop;10025250;10025250
2ae1bb7f0fffeb6d4b8dcfc26451c2afa027e26ee116e2664ac19779d0b93d6a;CAM Market;10007564;10007564
707fa12b62815da6c7a66ba0a78b929c5acfdec04894c50ef69f89a24e040d97;Xilinix Midstore;10026606;10026606
35c621d6752eef513060a440d1a5bfbf460adf6f36afd04dd7e27b6f5b6808dd;Active Store;10002765;10002765
34dd79ddcf086a49c1c3f4dbc726e5ea0672035c5911cdd52b61ca37c7056c06;Pantech Supermarket;10021415;10021415
035201861079376a89faa400e07baf90f9ed128d54bacc0c1759a08e35b23abb;SAT-SAGEM Supermarket;10023780;10023780
ebd8120b3296ffaa233627ea7d5f0a1294a748e659afe885866950306eac9223;Bounds Megaplace;10016588;10016588
c7faaa6cb2872e835603a6d7273c080769601a31599467840429ae6a8380f114;J.M. Market;10018129;10018129
8b5ee2759865aaf61d621e18da4ab83bf65b48addb064e29ebf582fe2725862c;activeDesign Shop;10002969;10002969
9265ba606e60aeca12f7ebfb22995d7c469babfd2ba732d621b88135c92542cc;Fimetrics Supermarket;10012235;10012235
28255e31b3754e4bb87c10100ac487374a8668ca1f78a56b1de359617280d51e;Onestar Shop;10020909;10020909
74267e4e14d920c6804cae7281984a530448c5df41179eec751a347491cbc649;Ottercom Shop;10020915;10020915
819642e66a47835330c9f6a657ba98e45066669ddcf308ff6e74fe24a16d45a3;Quantum Supermarket;10022240;10022240
46f6abe3860b8458ddcf2833a3dd1da1d9671dfebe3c6d344b25699d04792b38;Razorfish Shop;10022725;10022725
091c75df1510e6084c784dad919bcceed87589397c6c1f51115db658037a219b;Livermore Store;10019897;10019897
72ec01a5be86c530bcb36ee4846ab902e62b5a4be88b9e2db44673ada04c3608;Reveal Supermarket;10023221;10023221
bf937f2772847e1cb19924675f5a4d82f7cc1826a3fdd63819c9c8d4802e9a0c;Pinnacle Supermarket;10021986;10021986
a65c57bc24cfc702a2d140531745df162c1de077191ddce083415446e98de54f;R.J. Market;10022444;10022444
7582851d0e04eb2cb0c97f7776cdec170b8d437d399fb74128dc08bc93174253;Age Shop;10003720;10003720
d9bf40f43d281453bc266566d7e743feafeec9d73849c6f3d47999dec97f612b;Safetynet Shop;10023509;10023509
b6a5b64de6f6ee7dcf6edaa2cdcb1ed9c6400cddb82b3eeb34525be0105acc1f;Signature Shop;10024262;10024262
d65684f65386205fd560857761d0296dd48521ed5bd49013c6881c76a1c388a0;Unitec Maxistore;10025571;10025571
64a8557b8e58e37fa2afb42884fbe8c1fda68142aa368299acdda8214440c42e;Relcom Shop;10022978;10022978
37a4ad8a59a7341cea1fa79b88fcfe3e70bfda28a550620bfe17eec975703d3c;Salamander Supermarket;10023538;10023538
61baace936933340ab2395a5a21846acd0a096206780486e5fde52607e762659;Tangent Shop;10025040;10025040
9235534935088adbebb3e5f43eb672167d72fad3e1c1a97c1f168760f8a04033;Zeroo Gigastore;10027370;10027370
1e7e038a5ba981a082ee294ee3a8492d2b57bb6444c9a135f94d62ee383ad0d5;edit.nl Shop;10010912;10010912
346683d6c3425c00a160bb13646f4596e112575b7b66233746ffa020ce06a052;Home Store;10016549;10016549
5a7cc6e2961741e0eca64ab597468d1056af3255fefabc56b83ef918b2a7652f;IBEX Shop;10016784;10016784
c47b81849b2888d0298594c03e792bda0eb2eaa4b2d12463ecd6f611e17b4ca6;WDND Shop;10026348;10026348
421094662bdbc9901cbaccbe523e9a7e5bc31b8991478bc35cc106e15f41e2d3;Vector USA;10026006;10026006
cb9cd6a0882faad932d370e2554284ed2731402bead14f80b2c5569a2be6c228;Qwest Shop;10022423;10022423
0ac996c607e17f8785bb54eb3592af0f9b5c065461f66e059f1099f0f36dd5d4;RealiDyne Shop;10022764;10022764
c6762fd9f2ef7ceddcac8a645093d78d93f319ffa8637c65629be18872185669;Reuters Supermarket;10023212;10023212
07941a50392f7d7f7d20ad5c33cbcf6c34a91c07c462ad738de64e50e1ecd843;HarveyOpolis Shop;10014540;10014540
4ac55cb772c11447948f1194e1ead1ded5547866e4c8cf2305179e1983823708;Revolutionary Supermarket;10023244;10023244
c168e99ca36b8658bc6c1c31efa4073acf2a40b780a08481981d4d64e46a765d;Zero Market;10027356;10027356
f12bb41fdb6ee5d1e91a916472d42104ea3d844bfc11e59cd519af215cbe99f7;Rdlabs Shop;10022746;10022746
b8fe59f36046850b8a8683a1f5f39da3e5658d656f6f9af23b05e9d6b1a5846c;TECC Shop;10025246;10025246
277bd00c0a599ea9e5e1f1082ee42eab972c0e3150bbf23895c27836842e5813;EDC Supermarket;10010884;10010884
c7260d2d7ab07c07064287c9f801934d0d5b3f00481fb2079e8c1ca29c1fff9f;Crew Superstore;10023023;10023023
36e2e6d425a75c76cd70ab5470156c0f4f8e62579e79ca02274b4c59470aa000;Degolyer Supermarket;10009885;10009885
cfde600fce065b532a06cce266a0683771e2b18aa465b172aded2dd73890c7e4;Earth Shop;10010698;10010698
c1cd8bd2d34f705fe2a639d6bb12ae713fe5efceda2dcb564a740ed1cad85ee3;Sagent Shop;10023513;10023513
08a265d996d91568ec07d21b77e709e63b72dd40bb3c76ac502b1a8bb2826c47;ACT Supermarket;10002489;10002489
a485d2b35d24fc3bf749ba560847132c4475c8df77adcd2563118c508e93d8e6;Metro-Goldwyn-Mayer, Supermarket;10020388;10020388
fc3385537890cda42843c94a731d55ad41e39face1421dbaca83f445513aa8d3;Output Supermarket;10020962;10020962
69f094c6cdd1d47670b3b73c625503891c773b490273ef74d5805af0754cdfb9;Harvard Supermarket;10014495;10014495
3512bd5c7ecc033c09a871a8dea34029b5af73109db6e96a515b1ddfeef4a27c;Ubicco Shop;10025305;10025305
6af517f4442a3fc503c6af0273126b85cb3351540a29287017766325ed1b6401;Valicert Midstore;10025778;10025778
06f589328de0ef251f86171a7d521041e490b76827ea942c5bec0b2401adc7af;Screen Supermarket;10024016;10024016
9ae0fc248051e2e245ab959476e5fcb5383521e4c6f9a81608419c5a3dedfcca;David Store;10009642;10009642
139ad651f913ac7109b650ab71b1126167c460de908a3a1d4345494954fa2ad4;Kari Supermarket;10018867;10018867
22d389674d623bf8bda42d3d859cb8b8003e84a08d542f0d2991e976c75dcd49;Talkland Shop;10025032;10025032
35ee46678c767ee2130c57a4d9db3e137338503c4e01aca8064e9048dadffc7b;Fills;10012226;10012226
ff5dccff5ac1c1add585c5972fba78686c57133a44015f2ed42eb012f49f76cc;Guarantee Supermarket;10014043;10014043
70bfb10a08cc0174f4c26542b6a6f5975b8bc9095a5ba62995915dfe64b6aeb3;Karickal Store;10018868;10018868
cb77541861f9ca5db9910f7c284e66e153cf9b3f36674e4d3e85d3cecc50f32a;A Supermarket;10000453;10000453
51adad59faaa476f71a66116af25e51e9fdf5348b05d0e0e4d499e94956b91ed;Garza Supermarket;10013232;10013232
aea49e9e068129d276307c6895a189bb4f1bb56c0da86e1ee94325fae53ed113;Keystone Store;10019410;10019410
fb433e83fece12a583ff233e9cd66e1e7e0557a78bc6b61090f8e474a197fc26;EDP Shop;10010970;10010970
fa3940b5933956f22b1bf9096d180443c951c808d9fdb4f638331b68383625ea;Venable Shop;10026062;10026062
75fa34f38a64cec7014c163496f89a6e9ba87b829bc3228e68864af1f896fba2;BizNet Supermarket;10006848;10006848
4b8867a37bb4a5e957419169a96851a3e3ca3711619b7d96afdce2a2f0df5c7c;TransCanada Store;10025287;10025287
53b15d23b89a57cacebb35d231a26bec7e49b9a4a878a1eedc83b5e891538fe8;Oklahoma Supermarket;10020684;10020684
d915bbcc3ce23b2af26d8754d257b7de7c24988e979ef90c1589dda8faa45218;Unisys Shop;10025558;10025558
1473eb16c334729f04b20d4793aaf0d01ee232a643269d6a7fa493d57b8eb547;De Store;10009669;10009669
3fd0e37e11aa2f4997eaa2239c03887e78c6196ec90e86bddab53f3f277d650c;Gastown Store;10013238;10013238
9421c0704448fcc9c64129cc76493a02c9cb109a07a495d2d81b74ca37886bed;Nancy Supermarket;10020449;10020449
be4bcc6912335af4c651d6bd92b8e70d273c70873a1c52a47d696999cc73d757;Racal Store;10022470;10022470
4f6b28454112516a080e7211789f407e2f3cb51fe362d03f21734274e4dbfe3d;RKS Shop;10023447;10023447
d99c0206c90518cee1d3597cf3d94b59d5e9cb38107f9b3e1c7fdd9a6065cd28;Ra Maxistore;10022456;10022456
a80ad8642e8e2110b2eb453e89a84a8bed1fb99a7a85a7ccb081ba180c26cdfa;Bechtel Supermarket;10003795;10003795
d79dbc85b085f59f94467333dd4d4e022096555497c2160b742144ad02332fcb;Harts Superstore;10014471;10014471
1261d5fbc9f0371bb807a51687bc9d154cc017b3dce9dfd8b1c6e37344aafe3a;Oki Shop;10020672;10020672
a2454eb554bb44a78fcc5aaf864e458c2e365a87dc17a5e4ba517c61b91deb27;Onetouch Supermarket;10020914;10020914
0d8679792bc4b0879cc8645f67925a8109f6c6427f853b8b347024cc96f661a8;Chas Market;10009623;10009623
cce9d39be29a735334d278c8cb61d2cefb21ef63be81722713b095a7abc289c3;Joy Supermarket;10018371;10018371
a80fd7a2826ba4540a8d61a593509eb13e93ba8140f82b69ca30893e4667c2af;Ping Shop;10021911;10021911
31645a6171a066a7521d1173fbfb14009b4e4fc4b7b2a81ac11eaf8e06391377;Abbott Shop;10000481;10000481
2ba097128cceb596d68ebc41db42b97ef20d230e5f85891e3e7d2aa3cf60f774;Debenhams Supermarket;10009679;10009679
4154562fc4adb604811255c60492acf5f87f5133cfc064f5f591fdc0b2e41f10;Abacus Market;10000478;10000478
fe7efbdd9364eae899de10d7e17137f83e10d03a7459124820c1fd41e21a9789;RFI Superstore;10023275;10023275
012570c6ff0a08ae68a7ddb23e1648e94cb1056cc9b0469c240a8e3903a0106e;Sage Supermarket;10023511;10023511
cf4f951e40e3e6719b77a141e464b4b07efe900ab8238ef33de98340d7cac8fd;Xtreme Shop;10026839;10026839
3cf24a7092f0cb628fe18a3cdc1e9d248643c793fdfa35d4fb9e3d296ee6bebf;Xyratex Shop;10026868;10026868
1a459f35bb8a371a197fc7bed1a5b6b249db536049f1f82b152067f16845d406;DCS Store;10009654;10009654
72414a5efd88c508a6d0feff0c4f186b6d2c45b09eba3aba6900df009fe829d5;Ibis Shop;10016807;10016807
e0537e9c9d3b6c87372e77141a3f3877786d6f786ff81c7bee951d10a34f89fe;NECX Market;10020639;10020639
85dedfb5e4cc13480893e55794c581bd450a2976b80f40c8b450a51fcf14fc3f;CAF Market;10007355;10007355
ed4cdc9a31d0faf8d6fe0a72bd20dfe70873b2a02fe6e9d837b69e8ce60b8c79;Gamacles Shop;10013011;10013011
a3ad7dab5b61a68d4dbbea2e7135fdc08073d3507590b5a7f5887d0753a7daa0;Script Supermarket;10024034;10024034
5891d5b5606cbcf8a50ef5ca688fbf164925d30e750d909edf2245d8fca717a0;WBM Store;10026336;10026336
96a1a3031659b9caed57c49fd5b9085a9ccd3827ff51ccdaab732310021b4c6f;Ethyl Store;10011398;10011398
ffe1b4205a3bd104bbb0663abc1690d2c4c77b29a1d83683dd2977963eb6a5b9;UNIS Supermarket;10025549;10025549
000b29698acf08ec5ea7bd18878ea2b905aeb43df0952718062ec2b8e26dc330;Warsun Supermarket;10026291;10026291
f7be5c87986856e252a13e8869cad14cb59f5f22b6e90c6e4352679c4b2904e1;Packard Supermarket;10021231;10021231
669ac6da5f39bdbb9fbd47331b831559010dc63aa1c5cfb26c7298017bfb0109;Icon Market;10017054;10017054
09f873294ce75912e83cd4ee8e4e779284a277fd5dcb4600b51ee568e9c0ca3a;A1 Store;10000461;10000461
7d272f68db5a39bab2af15ef6d2e0f37760590fe7314efdbfad74dce2ced7255;Kabbalah Shop;10018644;10018644
ce39bc1cadb7e8285044f645bbfa8f4ac18982ebb550ced8522c5b4c07fac1d6;Valpatken Shop;10025814;10025814
6721ebed0ea8eb5d3f5b72206ceb5915398c6c72d7d4cca189ef571c7e1edb7f;Central Supermarket;10009356;10009356
28d225d573c31b8e3dded5cc92cd3355cea14a658cb191f87fe374887f0e49c0;U.S. Market;10025302;10025302
3ce188b157c64150eba5a635d23252a5f4826afb7896efe81ceb50e6c7ae2120;Telesat Supermarket;10025247;10025247
1440c5629e0f1a1edd20c9c79a79dda8fa134931b671d038abee4b28e0a65a06;Biz-comm Shop;10006836;10006836
a71d1d6ce892e9194ba4fa9a078c3900b1a7dbd5c62d43a0663e5a209880f372;DC-Works Shop;10009657;10009657
dc2a9ae1352da401f004d797557a29a40eb643cb47fb66c7dec1375dfb6c2313;R&J Shop;10022431;10022431
4a2c7633948e526856d3e35ac1f64e2f1370476bcc4ed06a69c560f9c533e4b4;U.S. Market;10025300;10025300
2867bf8a37f2258e45a03d850cf479b3b306de6d3fe7bee49ffdb87bd551332a;E Supermarket;10009985;10009985
ef416c2ed45b6a347f9cbd643a760b60b7805d9ae627a05700ffe1db4b3f0272;High Supermarket;10016045;10016045
5bd0dee42eeb093ee7fa9b18b8114852c2da0481124180e45beea26f0060905b;J.M. Supermarket;10018146;10018146
e3c04aef53cb83f78831d73b61b376131d7f8bbba2fe537479420906410ac6af;We Market;10026355;10026355
d3b2578590a86f4c512b4e6217fe146cb18a904089d897eac293b1d33cb9198f;Caravelle Shop;10008893;10008893
60ffa94e0e15e0b3181fdb11fddae5cd9e6b7241f4732c0aaa5c459265a6dd77;DEAC Shop;10009672;10009672
8ea7aca75a105803c754628a262dcf0412e28ef286a27db7e21f2af206068300;Pink Supermarket;10021936;10021936
25cebce1da2564cf404fd5992f83db76eb5dd176ec8731ea20448f7d8680a203;ZipLip.Com Shop;10027572;10027572
ca497ae288a21bd611f0cd6fc6f3b208a977d278e82baa61a57f8218ab97b036;Clearout Shop;10009631;10009631
9d67d9ad197209a055945ac6390a7fa774bbdeb50394ce3cb54500f2b480f04a;Felidae Enterprises;10011734;10011734
7350a28b701fd5a6927573e2bbcdb11647490eb533f782e29939e2c7e9daf51b;R&R Store;10022434;10022434
7d022f38dfa98646f11a376932d3b81fec252a095b43a2460c6e32d421d045dc;Karsings;10018871;10018871
1cac85c8d0d2651b6a475e363aed2a76b2b41a38852c6dfbfb0b0484fe689f05;FIBERWORKS Shop;10011981;10011981
1d169be2b18b3261f5fb27e512143e126da690230ff257ea4c5c2f42709010b7;Gate Shop;10013252;10013252
d17db392e13fceb7f7123178be15d5c9dcfe2e35d2fe3da5415678a45e2e4658;Trust Supermarket;10025296;10025296
75a15cabfb6e7c54678e7df0f1bbcec6ecd050d511326324c4ae5a90e90b8041;Kawneer Market;10018885;10018885
47ad7eda19c56e653cdc66e1a80c151fee5d8204cf1d0fbd1e3ba88f1484140a;Pacific Store;10021179;10021179
53b4cc4168e9a146b4a62fc24cdb0d7b98393b2e5f61a08f69d5491ba265ab0a;Pacifico's;10021222;10021222
01f5aec5e9ba164a468feac3716d09af56fdd97e819509ac6e98c44da3243fbd;Action Supermarket;10002501;10002501
7c172d33af7b0fc0c522b6bce152b16632e034b216375a3839528f224c41e235;Berkeley Supermarket;10004302;10004302
3c25f48fca69cc12dcc95f2dd08175d95164979356bcf47273740a8fca25d003;Lee Megastore;10017828;10017828
2b05d7cea2177876145e0917bce89e27eb27e946c701bb216b208c04003a62bf;Outbreak Shop;10020927;10020927
69002a4daf8a8d95942d8a32ffe94020fd76077466cee2a39a142af6d45ddc1d;Road Warriors;10023471;10023471
e1b4e632bbf5a039a618c09ca5289aa7c4ab7509d7a649abde89ae1426575011;Xyplex Shop;10026861;10026861
bb9429bc2a4ae28925c2a34c217b591f171662c6004bd55bcea49e24895a55b1;Abbotsbury Shop;10000480;10000480
ddbbb22b2dd468601c780762e9c054db871d6adfc9293aa2709776ef4735e790;TargetedListings Shop;10025062;10025062
e60cb82a0f2312f22d5b477cb5ec3657b082a10483a5738bc2dd376453ff2d71;Edorex Supermarket;10010969;10010969
832c66c0c1e07a2eb2c47e10d8f1cd93fae378db953a23346585400c2dbb493f;ScotGold Market;10024006;10024006
1a923180ff385b836c4df768983231b143f0883a75e06065f31cb363a1c7a420;Telus Store;10025248;10025248
b11ec8276f2e60c6eb54333b709d1b41806d86dd9fc184a618ee63d135a1a072;ySecret Shop;10027082;10027082
28f399dae8d58d34e6364b6b29177fc802f93e1d55a4bf21c5ef5abf54d34ad7;Fibronics Shop;10011997;10011997
7eaf9f024ed4637776570d9890b2169384ed24a1b44ca6f1863eae44e7173d28;Target Store;10025061;10025061
7db6b1adc1ec97a05441ed5b8a6d60300e491776f6d7061496e1107d07c87b0f;Zentrum Market;10027340;10027340
e98fae009c65d53c3399c146b375836722a394a928c3c4f4f329c240cd3ff64e;Time Supermarket;10025251;10025251
979e5297552b362756cbb392721dcfc736f2042562c70e8fb951c52cd8582752;Fokas Midstore;10012715;10012715
819db39635107ab8ac4c67dd7ebcac2aea7943faba621cc93564973c2f7dbe66;KAT Store;10018877;10018877
ee2d75e0ddfeb16282ea4c3442691e5af93e05b4027186eba3c94b6fb5702803;PING Shop;10021911;10021911
bf53de7185ddbfa1dbdea5ec8e04da7c217de3f16f97001a6904bf9ba5b64c45;Homestead Market;10016609;10016609
555d170bb0d46afd77999cf4846f48b0a20886d321c5b7e9641366075b40ff25;Transalta Store;10025285;10025285
82b2cd1bf65e85104d9f9fc9e98b911c5e48c928da61bea9fe81af90df4e754b;Hegemony Shop;10015030;10015030
60f38c57f6e132cfb5b8fb8031cdb8fb49260040e43cb0345f79df04edaf2d7e;Paracel Gigaplace;10021485;10021485
bb0d1e35e6d4e0006d5aa0aeb9fccbf73a08e0d07984824bfa180a35d2bf907f;Smith Supermarket;10024477;10024477
a34722473640557341a796f250da6ea39063f7e03e73e4f951c087b49fac8272;ACS Market;10002244;10002244
67f6e6fc94999a051d70de9fe16bf8bf239a7d1325e73a5eec6a646a59cab380;Benedict Shop;10004256;10004256
c168a5eb64538305dd514e46c21398b1e9d658803b78aa50e8d7ba69efa9ec06;Renaissance Supermarket;10023022;10023022
767c3f12911c853393d03fb5630543edd7de13e3d0eedb77784727244235bf5c;Revnet Market;10023241;10023241
341864b1476333b05c047e4d2fc583593dfafd7d5ffe72bb2f96ad3caf6bbf94;Federal Supermarket;10011724;10011724
2184bfc6007348ac8a0098e7ddd049e237c154a3a43cfaa3783b0d1af1808eea;Papyrus Supermarket;10021470;10021470
2c5da022148fd92b3eeda79149cbd011eb31f73600286628fca8252786f1e3fc;Teamsolve Shop;10025242;10025242
3da06bbfb5cdd952e5623dc40fcb51799cfdcd80efb295279c55d9fdb3fcd7be;Jones Stores;10018363;10018363
7a2043631b145b53238848ca23962e1cce7a448d1e01228eecac10f3b74cc45d;Xcert Shop;10026521;10026521
2003e8500135a3b1c7ac3bf2558aabbedfbd9bba68a49432b5b906544aec5872;Satronix Shop;10023778;10023778
be446c7fe42cf91725a8fa08b7c15610bb535824b9dc9f12a2a02c81378d75ae;Screaming Market;10024010;10024010
958ce7a8cdba4fccda1fe6a86eb3360019e7e18e62276be90e379aa58550f8e0;Harvey Shop;10014533;10014533
81a460a79303a84755a6f0ef63ee9483dd0279e102dbb0ee5d41260418862939;Onebox Shop;10020907;10020907
2b04974edd218fe9197f5aa90cb7044fb690d4272bbd18c8f605f026f2e283cc;QualServe Shop;10022168;10022168
008cb1d8cff53894c4b5d48c62898bbfbff397fdbfb11a57555096761efe9c4f;East Shop;10010717;10010717
bae4eabb4b8b08da21ff9f083bdaea0ece57b41f8e836729aefe0b30cf9015a0;Molson Store;10020413;10020413
48fdab6f79ebd6c7215c646c2d456b5eb74135f9ffab935b31994d9c6d191eef;Tally Store;10025033;10025033
eacad765dc93a05c89c4a894b9628df147accd6f7203dc36ca121ed5a52e9d81;Bre-X Shop;10007117;10007117
bf9c45174fa4146009bf3e97c61d0d650b2e90c9744456dea23351305f02945e;HCS Shop;10014804;10014804
d798a8f557bd4359c9e778336ad2b2d4059e59ad597260bca4753bf777884ff3;Idyllwild Shop;10017314;10017314
b61cd21a085fdc43a5dfcac9550168a9b0e32b75010111c3efe279678d50859d;A-ARVIN Store;10000474;10000474
5c41ef75dbd7e192da65d647dc8a019c5eaaacfa8128fb957d9651bbb488cdfc;Gemini Supermarket;10013765;10013765
7ccc03db1eff1e329f88252b522e1183b0d19738fcd519392958317d7eee724f;Kaim Supermarket;10018665;10018665
a95fe796d7cff20fb57dd6a534cae7cd82eb4390d68da34579b4546bbab8cf43;Labatt Supermarket;10019665;10019665
f89f1c317ae48f83cfd44c5207da70079ac3845f2521262ebb3ab21fa5c528ce;Target Gigstore;10025052;10025052
7d4bf6bff959ab12a24d76c680e0792ff59fe58013a9656556de0f6d0a5e263d;Matradi Megastore;10020184;10020184
a062374578342b2a9d720e45cd7640a3e684f94a354956bb355967e548f0b4ff;Tailwind Shop;10025021;10025021
6ab1469914f7f91e0cf3775b77b66940887915f8513d1318e5600d009c7a3099;UBF Shop;10025304;10025304
2fa465b324605d1eece19b40e5acf33b052cb7c13ddd5d5d17ce10089e98b388;Taligent Midstore;10025025;10025025
bcae3e23de5b615e88c1b7429bf557011950382ca42cfc7c20cc9622e7fa9e49;UniPress Shop;10025515;10025515
8650284ba67500493e1466537cfeb349b8867d05755aad7b580097e4188a2784;Vanstars;10025919;10025919
2144ae00e7a93cf705798216a5f39c1806f7ba490c89300b34c2585a11db6175;ActionWorld Shop;10002506;10002506
a449365a52163eea0592b5dfda976c1ddd009d72faaec3f1bd180c1a2528d926;CAPCON Shop;10008381;10008381
4457de65d988569e4765722d7a294a7e189f821ecb31e23f041a3411c130a814;RC Shop;10022730;10022730
fbfdc81f4d2e6ea83d616142869dffe5a924735ad4dc5080aac9a38a4476658d;Tampere Shop;10025037;10025037
a6ee0f2deb92d207c72745885d21da699a18675bdc30807a4607ba54832ead59;Caribian Supermarket;10000455;10000455
91902aec3e7102a2fde564b5e23f106f7dbe61f1159acf31bde212083c8235fa;e-MDs Shop;10011198;10011198
20deeeeb221befbedb6c72ba8167e0041bed98d36e2de6ff8d6aae202c1a5deb;Ravenwerks Shop;10022687;10022687
d492c146af25e2010ede5f2ce65f86d5f069ffed13211ce46901d8dbc26859f3;Soloman Market;10024499;10024499
f8b54549e83f808a5fc672783871a9507f561bff0a6d39c556f81707e23f9c27;U. Supermarket;10025298;10025298
e53b928f48f6433300a71b6ad09bd4a65855c40b68104ee8c97b16c663255906;Meals Market;10000460;10000460
584bf347d2d071f27e4543884fab7a6486b33cbaec547387705a9a08acd3f1a7;R2J2 Shop;10022450;10022450
e03ccc3805997c09cd7d6ea8ea4304d8f5ce54abc8500f6e4b4191c75d82eb6c;Dellovade, Supermarket;10026055;10026055
9bb59df581f7c6f0b0e69b25729a4f6ee17689fbc00f1343b4d68af7393ac034;Venred Shop;10026078;10026078
6147d4c42c18e0b6a7425429dc76208f9d81a6debb2062a025c17fc65febdd38;Deere Store;10009863;10009863
f4983a17876782589b7da8b6707b5b325f618384deb8e7aaeda35a54eff3b157;Kool-Seal Shop;10019617;10019617
e2a14c92e2e58a39085dac97341432037bf174524bbf6088ca661e338fe91f1c;Panngea Shop;10021412;10021412
833c2bf56c02b8c7c5625d0dc496c3cb6d74e04cf0aed429e4fd3066b5aeb42f;Saturnus Supermarket;10023783;10023783
23c80b5544d3f714eac215836afec32954c6ecdaf2e98afab956f6e97e48ab1c;Pereras;10009676;10009676
74632953164c754342b77eae28ac0ba56365ade4b658d355f67b602bb77f6186;NACSCORP Shop;10020446;10020446
f5cd36c2d070ccba36ecb81150f1bde3ca8ba21e0e3d5120347c243bf5f6be5e;Texasgulf Market;10025249;10025249
4db2b59d4c918bac7550e9c3483ccf1061c992f58eab55d2524f3d84e9980db7;Transylvania Supermarket;10025288;10025288
cf6cff7c33fc6b0c07870672a274e75a594846d3601725814a4c7d46ace886e3;Edmark Shop;10010923;10010923
8e86fad0c4aa6da177d756f05e3d3cb985538f741aa9c944611b990d5b09e265;Hennings;10015495;10015495
024be85df045ad23d120aefdd996cbf8de04d98b99d1fefca33adf85679edd91;Hershey Supermarket;10015783;10015783
5003ec7e903d8896138e1026de2023806b14461eb72160f48dc02df298630b29;K&M Supermarket;10018623;10018623
12740dbf9d86a087aab6b8529e03976ad27c721de2abccf8daf738681e7d51e9;Pace Shop;10021139;10021139
d9cfe3d177e33968f61355239effae3e49b7d62944ccc8abfbd11b26ed3a505d;ACRON Shop;10002220;10002220
f82e6fba773a6282c015b57ffa75d0f468e4e6c1f0a94aba9760329f4807fd6f;Bigelow Store;10006037;10006037
0be41518a7f404cf7c819119657736ee7df4df7729ccffbaa3757bdfa6566628;Editor Shop;10010914;10010914
180ba477fcc8d6dfb1b1e075caf2c0ba97ff59f4e815e9fc32f78038b59a61af;Id Shop;10017290;10017290
8a92affd0f6387fc490a0f07e09aa48e9202ceb5a52bcff53bba5d120b13486d;Kellys Gigastore;10017638;10017638
8908f87f7b8274d4e60f76613ab44507217e887eb12c284f052ff9fd8a6e0ac4;hesketh.com Shop;10015789;10015789
4b67dd5cc42f925e0b64e16e5cd4d7c6c44e56bc2cab9fce510017f4ece7591f;HMR Shop;10016303;10016303
4c4e6dabcb7b965f98a176895f2159c655424653c606e734dbd8bf85de147441;Pacific Supermarket;10021184;10021184
fc91249dd02f29db14abc220675bb400d11b3fd961be2f4ca928972077e10468;Tandy Superstore;10025039;10025039
5e88580ab14f3f9f8cf7110efb88e127e4fb97d2aefd8925f0a319268e8a0876;iLanguage Shop;10017553;10017553
e83fe125148f7d59cd95d47d769befc8ab4e651b7f1fd7aaf9d8afd69e94b39b;Aaron Store;10000472;10000472
4272ef5048d13ef9fc491e69555ece292673f1ad6d7c18694307e152e043c49b;DDR Shop;10009660;10009660
6433c9f6970fd9cd945e79fb361577815e230a08f592d59fe9fcfa13ecdd7ca7;Southern Supermarket;10024541;10024541
a927526051dcf17eed0d5d1dc060d24f68db584c458e2ad0af02458742107c8c;Litton Shop;10019879;10019879
672d5e7e9f950734c1b1134e6094c1c8d89b558e65d0cea0ec2424c3b9530f0a;Edia Shop;10010887;10010887
6444978e52a811c6415ee40f10889883ba3b641f5c2c59c8f59a8236eb9d7b61;Geac Shop;10013509;10013509
b27cdc4b6239b2f3d2b232fb7f1d2fb1380c1b907e71583bdc1e53d8efd2bacb;Keystar Superstore;10019400;10019400
d4e1d0bb5549045f5ae144b5ecc86c469976060d1561f32625b57ad89b0fecca;Pathlight Market;10021668;10021668
161435446eb39f47311134a5efd29a673a73fae92d9eb0787f8a8716e8cdb433;Bens Megaplace;10004245;10004245
db2c79bddd9e26aea0a13060dc3e759b2dc3f49cf00b79fb692c6fa7ba59e540;Bizmarts Shop;10006846;10006846
e64e000328ad234d1d8fc6bb2dd4df1a80c47f00ebd428be2476c8c8e7091696;Edna Megaplace;10010935;10010935
b934f286cfa6f9eb0527d90fa4545d3a89e3322204a007fb00b05c09eb86578e;Times Store;10025252;10025252
78aa9a706e6341b79fb5edff7b8eef8765c9ae5a5fbe4ee739d678a886a53b12;DCS Market;10009656;10009656
c0f00b9913ce89a93675f2d98a91445efabd01e4f31ddad09f3280bdbc162888;Finishing Shop;10012422;10012422
cd716bdb81958f41705847d21b4b149ab08bbd8b0574faadbfc0228a2a545581;Pacel Shop;10021145;10021145
88eefd889b1efbfe39090357d83abd3bc709b4a0e27ed9306015a3f3b9279141;PAP Supermarket;10021422;10021422
6ecac3928f5f6f95bcd141f05820a4ba3f659c7b7d942d7638812e88c0bf75f6;Zitel Shop;10027575;10027575
ad7e793d0d96a03890656df29f4a9bf7e8690f53f4b78eb795303a9e9b3eab21;Dci Shop;10009652;10009652
1b9d8d6bbfb04d3a31fa1da08f1a633238dbbbf4174f9ccf4884380a2bd285bf;Pinnacle Supermarket;10021996;10021996
bdc5c1553fbaf0ecd8d8a4ccda774aafb387c918c7648af4da56c3bedcfe9550;EDS Shop;10010974;10010974
e294b9f663d0daa5e1bb1eb17b8dc007e90c45574b756edb12f6973e965ee16d;Ilog Shop;10017585;10017585
057d47b2bbb0bbdc4b035afa70660939dcda11d8194d5afeeca51884a61f3baa;ReviewBooth Shop;10023235;10023235
fc883bcce114566f01ed49c6e76e55b2b783b9e56e9faf5b3a26b8c823349d92;Unison Medistore;10025552;10025552
01ececb08be795476b86c8cd623c20aeb3949689b5150bcd066274d88ab65c8f;David Store;10009643;10009643
b991bca43a399491f001336ba015fc5ba9ef96cda7ea1860f91e5f48f628c01e;zNET Shop;10027583;10027583
056a705e77dacb120bc8b7875ba09e0a33a5389acba4f58c95369c50f2d8a51f;WarRoom Store;10026268;10026268
366bd3162957d23f4a46d4f2bb9b337c78bd30ffee398bff3da47ded5aa3e7f9;Sigma Shop;10024255;10024255
ebcf59e0fa0666d3db8b1df1622881942c9aabea000220d2c4d66d4a9cd56844;Gartner Supermarket;10013188;10013188
fe1543e6ea26d999aaa649cef95bed52a2c786d4102eaa1cb3e00f3c644f0027;Healtheon Shop;10014810;10014810
2c8030f0c22825f3a13227cbd85452e333421b5fec6577d2f66c921fa350ccc3;Bitstream Shop;10006805;10006805
fd556a3b22ec3587dc780c1852bd5b45ce0b28d069b82bc46078bdf494d9dd2a;Southwire Store;10024550;10024550
04688787e262494d4621d2d872beaa547a0e957bbb2bb6ba89a5b811a1ef20fc;Taos Supermarket;10025051;10025051
1dfd0b57cd0bf833bf8701380c19bdbd05b58fa9930253b99a852bd38c16d28e;Towmotor Supermarket;10025284;10025284
643b6ec31cc764229fb69fc6039b0548164d2ad3cb6e14bae4d3f8f4620d325a;BigJobs Shop;10006093;10006093
dfa0c6203b5c908afae278995ab3efacc33d83799a9209a761b56ab2a71a5640;UUmail Shop;10025769;10025769
13bc3fb29b26857c06dfb8e689bed838d8358210f647a1fda9e49e80df4f2bf5;C Supermarket;10007123;10007123
da3f508bb8691d161ff454c2026f591e32cba1e554edfd3c3c7399c8a30e5893;Dayton Supermarket;10009647;10009647
d5df9ab4edb2f036f384630c2a9c68b72b43ca09d6de3a75151d293dba90897f;FiberPlex Shop;10011979;10011979
df31eb7d23fc7868cb2aa42a89f9e84db26bd5727834ebe6721378e721b6d83b;G.R. Supermarket;10012761;10012761
b4374cf910ba73542f294ef1f307074de84f7da9a0de583082edd20e81c92790;TeamStore;10025241;10025241
2595418e1c5d7c9f7145f0e110fc812778dd21395bf8643c1b44981f27172127;Tredegar Market;10025289;10025289
c9fce6de27186d38cea3c4c95693da855cae4df8aef8cf0308ae010af2f49edf;De Store;10009662;10009662
757166916135d39ba1ca99cce606c02cae330cc916317fd45ba3f14f3d95a7ef;Markets;10020181;10020181
24bd2ca4d059a67308f39ba16ab6a286e5f52b5fe73089bf0d4d0a6f733510fd;PacificServ Shop;10021223;10021223
d6ee09605e4a60552a29fe9759c32c09b45eae5d6e8f9cdd6901b61bf9a3874d;Filmotype Shop;10012234;10012234
2dd9178e711ed6e5ea05468715d7eaf3c7a1c0d795b77dc68c0fb937d414e186;Pacific Store;10021204;10021204
3ffded82078a0d1ec6b177affb79044c82334cdb1e11bea728d2cb9e294e836f;DCP Supermarket;10009653;10009653
a276ba74e28f0f3d0902b1ca793e35874cf07f6aa525e89cb7d1f855620f99b0;Heurikon Shop;10015824;10015824
f4a7236fc7752c0d0c97c3fc5b0685f01b2eb0779534beb255ecd768e1a3530b;KeyComm Shop;10019388;10019388
cef025aba7b8e0fb49e868ac259001670169ce8c23dfaf70d19492abfa273b16;LiveWORLD Shop;10019909;10019909
168d91a6bd68cb0769ea43682ee4ba2161f4e41ff2ca17ef3ca4ebb93dba9d28;Salias Gigaplace;10023524;10023524
8448df313113472c49dcd23895b947e53b016bfec4efa843ae4f471514d8d2ca;YourFuture Shop;10027053;10027053
6014a347a3fd20eb1683f30e06b55f09107819e323a87704d40556b0146f646d;Harte-Hanks Market;10014469;10014469
741089bca92ee5889c1c78a6ae6bb01658379e75be8d692cc84e987a329fcf59;ACS Shop;10002240;10002240
cad1f63f7369d7f99e6a8a021431274839eedd147c1aea905c3b726bddb83b78;EDGE Supermarket;10010886;10010886
a969d04af5e71c092a54b6863824c5ff59fe22a6d1b04880ad7d35d6332c03a0;Hauppauge Supermarket;10014546;10014546
033ee6fd9986ba05b39f731df80a81d1e735d14443467f7955dd870a9447b42d;Home Superstore;10016548;10016548
0183023acf34a8b08a565d413c251123814df6281e37bf2ca3665d636b0cca8e;Litton Supermarket;10019880;10019880
36e4c4c218ed24e7bcb9e7695eb2af95c90e54ac65de764cb4d5ba5452853403;UniForum Shop;10025495;10025495
b0b1349aefdf4d75325813347e8ee961b839686c3ef755d0ac75df7b8ac81e7e;Dayton Store;10009650;10009650
1ffbd3463d0777d5efb15cfe030af36542f8ce097631fff503c10304f4733c1b;Unisys Supermarket;10025560;10025560
de66a3b6a49a8affa97205251f327ffed5548595d5262afff4741fa399889961;Haz-Mat Store;10014739;10014739
1839cdae9a2c8af4a654fbbeceab8ce645b2693ce43486fb4b64f395fe537122;Helfand Store;10015267;10015267
c0489daafcb4e566dfe756d55ccd7b466f1186ca82abf6923fcf1cff582f00e0;Edify Shop;10010897;10010897
88010d3d34a33f130e4000b67a9142b90f809cd1172453afb668200e0240eca5;Iconation Shop;10017072;10017072
05944e82c32e66fb2dbce27fea0a956d34796495e45bee79df3513f692349b18;HBO Supermarket;10014779;10014779
ef63b5f4cbbc5e0ef24252f9b1ac040c5040569feec2f374e234af65665822fe;Remedy Shop;10023003;10023003
93b0d31ff5e53be4a94f733af91f3db8be507d32268230f7150e102d179f4aec;Scottish Supermarket;10024009;10024009
9cc71a7f3dc61eabbebdc79efaa69d554b36e016923e68e989731191f5f84acb;U.S. Market;10025299;10025299
b16a72d63f288a1f7d2a2b4fad974abecac5a23864cbd8da95988b45bcfaa6fe;Bezeq Shop;10005043;10005043
3d526944d629bd5bed34ef54122b43c6da49c54ebbd1480bf5ec2be3d1a04b68;Lamson Store;10019682;10019682
5f4517e0f241673e180f1fdee10a2381790752406f384327b5a94e23f3344a21;N.Graphics Shop;10020445;10020445
a6c04fd342410fef34afe9aa19c6e47ccd8daaf5983cf9ec15e3939807e56830;Pacific Supermarket;10021175;10021175
371e52e52df47b35c17662f8a6538ceda3d0388dc1ecb9e148ba0ba7fbf56be4;VA Supermarket;10025771;10025771
02ed3a2cee8be140575e925de3471f69a8c4fb0564b2c4035891ed4d6f54a165;Holy Supermarket;10016542;10016542
821cdd716488232eb1555f77c62126a5bf1f73f8a5a7efe13b6e791df0cbc60e;Xetron Shop;10026581;10026581
b663f2d135aa30bcee64d862cb48d82ea4cb20cfb5d560ef9b2884af98056225;Brinco Store;10007120;10007120
7e41253d4933759c9c2db77721b6d1002dc72810543aa5d0c12a0dc96dedda58;Camros Shop;10007866;10007866
d67cb3d4f2f30891f1bd16f6ed19653c1d23f93816c1f8b126a248f6d309bf7b;Quantum Shop;10022201;10022201
0375b21ff1efda66667e28302372407eb2341f23ec942d7c3bb9895e511eae1b;Neos Gigaplace;10020663;10020663
284f38276a3eadb7a96062244cd0021d3425652c7b6d97fbfde08aa237700e1c;Active Shop;10002526;10002526
555122a3960ba83b452757d9c818d34cf121fa9a9ba43aeef28c74cbf924a54f;Gulf Market;10014047;10014047
1751548dad3853269a9a8795dae51191bcda22fba6a5a7da84756bb1f5fadfc4;Vectrix Shop;10026009;10026009
9782721f3ecfc8748464fc8f7e60acc9d5e7dd10e50d6e2484dfd053228ac298;Fins Shop;10012425;10012425
a78f0390bba62ad62d0a264db4434965de28f1affed88156824f93c487863fb2;HCHS Shop;10014803;10014803
eef2baa6fc61446dc6e65c357d7ead61ee101c95fe82755dbb4841e6292f8bdd;Keystroke Market;10019420;10019420
0929032f3382ba4d78da2a64cebf3fff8f3b081f76290b62e1f819925386a868;ComeStore;10007591;10007591
f8cd022cfffb457a277f42ea9991d1fa40e745a6429bfeba02853dccf14ac888;Carden Supermarket;10009156;10009156
860d651df62eaa172638f5de15150c07b0fe6d525f8db5674b398d1cd502de34;Racal-Datacom Shop;10022490;10022490
13eca5310e4005d83a27ab539924ea019709cd3ff1c84bf07e5c49e567b6beb8;Federated Supermarket;10011732;10011732
92f29c7f3e5e033a7202538b2606b75304eb972a864742fcdd5faa1164b74104;Signatures Superstore;10024270;10024270
233127c9fa1da2ca2c4e376eaba5047c58e04b0a6697725b866e63831d168a35;Sarcom Shop;10023703;10023703
c7ba8d172181e795eb711324b72a047c73f9fa0d994ce5cac6f2532543e0381f;Helios Shop;10015275;10015275
11cefb2bc42f08d154ce432a614c2c6fa32fe99c5ad9efd50ecb7310ecd0b827;Parabole Shop;10021472;10021472
6ba8b1e13d702e39c2b973874d6a36788574fac6ba64624a7a250551584b7bea;Scientific Supermarket;10024003;10024003
732f286af5682c4042b044dcb2cd1f2f7d4456a9b9a9d23821dafa66df1f37ab;Aadast Shop;10000471;10000471
ab82d8cc5971c0b86ce233d8c4cb905dcf2c3cb9c4a9e143d6b2101bd320174a;Bendix Store;10004255;10004255
06e8c51d8ec014602155a54001ecb3df3778cdcc4531151035c5e1e53307e2e5;CAPTA Shop;10008638;10008638
a6191167714020bfa0d5216f97a81e2973db4e6002cde6025b60aba320f2472d;K&K Supermarket;10018603;10018603
c01144af5acf8bca973de3c3e2b72f01b61daeca457210e3447433dc7d1c0d30;Ready-to-Run Shop;10022750;10022750
2b0c20bd60f818b846368f977e3c6222e88a65234dd20e479fb5587589e2fe60;C Store;10007122;10007122
425256300dd4849506e66b252ac6ed3e21a4985ab18142c5091d694807076d7d;Icon Superstore;10017036;10017036
4c1ed00bb8f3958edade856bd462a8323c05269d3342e3cca79ea040756c8662;Tampa Market;10025036;10025036
0ede5b384e4720eabecc86592fa54ae32393c47a501d3f835f1703a529fd9e53;Xediom Shop;10026532;10026532
4987f2453709a5c72136797f61d606935281a07c88115a83bf7b9b3fc330314c;BL Supermarket;10006862;10006862
d62a7705c6256b7634237f6d2f212d703c728341363dcc938d4c608f1f2860a7;Laker Market;10019678;10019678
68aef7093e57320ee4ed84786f32fb538f942e16c23b03341009e4dfefea96d1;TAL Store;10025023;10025023
8fdec1195c947fec091def205f7e58802cbfb77a4f7be1e506372175e7ca9a67;Harbour Store;10014264;10014264
9055a4dd3f2875942ce8c29d0960bc3c9f52a099e045830cde3b0cbc489ff976;Kentucky Supermarket;10019150;10019150
75f3ba13e7c2a17dadfe29693cb13e79d245084ec14fb912b56a6eb2082fa82e;LiveWire Supermarket;10019900;10019900
747e0d2f82342108a0a9bc70e5b1a4d924d55de2fedf578473beaaa402c9409d;Old Store;10020715;10020715
e309cc6bc937f7a97e540fb13788dab5a48a5965cfc3cac8952f96fb5b253014;Satyam Shop;10023785;10023785
f55ab458f2a139ad000d2c7f06d26b920d133d86f165557c83d55bc5100decf0;Xentec Shop;10026560;10026560
715db609c1d405979b6af4a96d2bad80e011a0cc742c66033e4b4712d97a8480;Home Market;10016564;10016564
9b839e402ea7996845cfc026a2662b43d884e89266b0492b52f23a1d424e7a24;Sifton Supermarket;10024248;10024248
31189737cd1785769e791f4e39ec17464f535d9c5fec194fb46edfb0bdadd620;Zero-Knowledge Supermarket;10027381;10027381
9d2a75f0b39c40299b155c92794dbc905b9bc99b1ca4ec5dc6e2ec5f812e6199;LMAO superplace;10019942;10019942
b3dbb9acf1d7337de8de72b0faecc67350fceedb9a6ae140ae98ec450528e12a;Zephyr Shop;10027348;10027348
4d6baef5769931917b90d06105f427aa942d46085e1e449326c93ec76cc9fb4f;Savetz Store;10023793;10023793
b00e316af043b1c553cbd33d15184ff64522cbe9b8a27e6a8190c74f860f76cf;United Market;10025583;10025583
486de678c46138d081de03bbb4d21a4e9f9631214f0adc5464e71ad77b90baac;A&R Market;10000458;10000458
587250bff5173269a3cd49f1db522f4e2b2426f1e19978139f2cae981e92fe1e;A-2-Z Supermarket;10000469;10000469
d77b9b38bdeca3b674737f8b660b4826a1852f6de5215f45cf3c314706d4c346;Tao Store;10025049;10025049
19bc71a7bda622d846e7948913670d9651d0ab00c832a4fda040e1b20eac9660;Watcom Maxistore;10026299;10026299
cbf672e50b05ad2db598da56c7e588b74f36064e0ec1ce4f6eab1023a6ff609d;TAGnology Shop;10024999;10024999
3eb36a60a576f2dd94568eae9be97065a92b6125fd9a66e6a8f94d26c27b6acd;United Market;10025575;10025575
cd3943f4d8c5004642df662a34881b59143ff3b7a52fdcc5ee0bdd3f7fc0a232;Caprica Supermarket;10008602;10008602
8f790b33198c685e824f166da3187f5db46ac8d7c66c8f6b901e42e398bff8e8;ediSys Shop;10010906;10010906
6149c385b76b484d9c3cc3729bc9f28bacd6d3de2446dea298da214c0cd4391e;Nematron Shop;10020662;10020662
d8aa75c28716b8ebe10675cead03a8e64cda4d4349b67bf6a13aa32674c51fe1;Diss Gigastore;10023715;10023715
72af62f4a1fdc9a6b9d8a19f9ccd9ab9e0ba87000e259a38a4fdc9af14172595;Tanager Shop;10025038;10025038
ebdd85c91496a2c1c7403970ce12286599183361e5e901c2c5ebd9b8e92d061c;Zilog Shop;10027560;10027560
485b80c623397ebed66f4ae9a6d980cc5a1dce7756fda072266cf29e4942814f;Capitolnet Supermarket;10008596;10008596
3ed2c77373dab6e93485ee01fe932405bbfad538ab9e480b62fb359c3a56f586;Hetrick Supermarket;10015793;10015793
4206182d38bf62df1fba7df5eb8697e40bcbe6c4d7ecb1eaa226da1d177f9c71;Illuminati Shop;10017576;10017576
d82385b3b3874a55e8f3c31a5aa84390c317d223354944382f121c6559b1d489;Del Supermarket;10009907;10009907
a8374901df044997f262a5efabeb817c85ebe0ae53590e507979ed25a28bf9b7;Stone Market;10024725;10024725
8749536256a2a4f23c9abf840ec6295df4f538699cc3550e497189648f59d676;AA-Wizard Shop;10000475;10000475
6a9e02ef45601e474dde15a6eb6196fc35884e8b139da552a645278f386c3ae6;Canter Shop;10008134;10008134
a3b31b326b15013396dfc72f9a66b970e4a927edb3d90eb10d0b26f7776317c6;Valley Market;10025791;10025791
54339f95578a6977662e0dc7aac82ca9edee75b6254bb6c6db6e3c57a0f138e5;Yurie Market;10027119;10027119
fc0f6585968a7d695fb15e368ccde1117439655c93258fe5cbae2cd5cab1685a;Radio Market;10000601;10000601
701f6609a80641db7ab2cb101fe831d414b8eda10d848badda1b5964e3b15b35;Quantum Supermarket;10022249;10022249
6f3d34f6efe10ebd2f44da46b41e919b3a9a2dc177bedb0f2781890ae4fe5b04;Teca-Print Shop;10025243;10025243
04a7315a4e594f55ec5d92beda295d3a2b9b98c418bd05a6f3947f17ec8e5774;Capitola Market;10008593;10008593
a8a7fe155d4e92a0d595f7a68f6223e05febd810339f834211a6ac6f493f9897;High Store;10016047;10016047
8b2044ae0326ba8e43e9e6898e5a4ca8e2327c9c7028a76c5aa5a88a7be876b4;Quantum Supermarket;10022252;10022252
c6aa11864611f4af658c24ccb333fc8d0bb9134870ede61df033986cab373245;RC Market;10022732;10022732
80b7e4fe77f89305e6d1a6b240e3faafd609f68824d62b7bce0ae24c960750ce;SASCO Store;10023759;10023759
74907ef5233463c6449225edda200d9044e5c25761b770cf011eb42cffdb22eb;A&B Shop;10000456;10000456
973be7f485beb3477dc97f736982113a201510b39a0eb67c6e63d20c8b890add;Take Supermarket;10025022;10025022
a88c55cf7727646e1dc789a37d1d0f7f7e695a8cc1ee70cd29d55802f20cd6af;Team Supermarket;10025238;10025238
dcfeb7575075b24eeb62e273859a47cd11850c43ebf238cb470d299ef98540b2;Minneapolis Supermarket;10020393;10020393
a47ab4e16f14c2b224d433ae623361cc8de1a8f6ea87cd0dd331128e9e8f2830;Ventana Maxistore;10026081;10026081
22e4eb59e3cd116fd5e9147494bed54c7f7489c8b8d142c10c7a88e1cfc0af3b;SataMine Shop;10023760;10023760
5cef69d9fe80840779d591db1757a773ed6eff8b413cb59712084360c7cc7789;Teamaker Shop;10025239;10025239
12c3d99d9e7d434766dfe42067bedf8a05d67d9d67ffc0d3b6526a4ceb2e7c90;Aaron Supermarket;10000473;10000473
2021d6bb0b82f1404361cc2fc77ad3539dc7b45b9be442d9c64a5ca86be5af4d;Data Supermarket;10009639;10009639
f0df4145c3e675dd797ef122061cf402cd13af5e83332f9af1cdab6dc8afab53;K.C. Supermarket;10018628;10018628
43f5cb8f9db2bc66d5e5e8108b63f4c89e060a8b4a4bf2519332134ae423e4a2;MATRIX Shop;10020192;10020192
9b39f22d6e48794b4330c20cd341de85b116f4135f0b38a6b6d6c82032dfa1af;Toledo Market;10025269;10025269
b2ace14ec66b1d09dfa0f303b1e05385e1a97d0cb6841c100be465e16b8a6212;Koppers Supermarket;10019664;10019664
742343154f5933bf59bcd8a151fc505caa630b0b57383ad5eee42ead52c6b07c;Champs Gigaplace;10009606;10009606
37d83e28e77ff1b13d47d382682767821f03b87fb340b7426b303ad9efd90f38;K Supermarket;10018580;10018580
fba68046be4c848d2e8a2d09167465b04e685224310e381b273869238bcd32d3;Siemens Supermarket;10024246;10024246
def5be4b134acbba5b636a6820713eea766af9930ff1b220c2e44a5d6130758c;OutPost Market;10020931;10020931
8014138eee18deea3550abf7537810656ed47dc98ea41928af7122913c4ade22;Quallaby Megaplace;10022167;10022167
ca19dfed75b6de14b2e9429e49d72dc80ee8532f1cb4dbacfc5576b01eb3d369;Sigma Supermarket;10024260;10024260
7e608a4ae5ed37138d57816f9eff172937a8126fa64df68ad8d07159df5a5e91;Stone Supermarket;10024743;10024743
1dc421f75175f4618591256041235a1e17f4c59248740302f87f41b69ef43bae;KentISP Shop;10019109;10019109
b76eaf3116e9065b26fd2cd98971b1c000bb039c3a18e85b1e4d4adbbac88c68;SAIC Supermarket;10023516;10023516
d437780fe6c65f68203817db4ae5194fb72dfd4aea973f5782ad3ac83e7bf1a8;Taroch Mexistore;10025063;10025063
6d3ff9635e1838b76d843ee0f9c811af011619c0387dfe4de71d701e220973c6;Pinnacle Store;10021977;10021977
6570c16e65fd48d870d4a4ecd1e753516f07c80dafb4651a91e9f19b7da81248;Real Supermarket;10022755;10022755
0816b616b1658f7a1c2bf01b6acaba2fd5b8c0f06ddc77982e353210f1a29ff7;Today Shop;10025264;10025264
2e91f099a9729565fea1003c86661ec3bf0873de8079a5b929de5bd211898e18;A2Z Store;10000466;10000466
1d0ffa9cfed77065ec237c364521f73f440e8225fc1eea63580a143a28119e7e;Cambio Shop;10007566;10007566
c809e85f3ffe6e29a879bb4025dc451e8f4531c396b40b7cfba3e8b0ae82c1ff;Harbor Store;10014238;10014238
5fe425561811c974d294ce3e934ac54c385129a78926540f5d7b5b18d8873745;Hobart Store;10016334;10016334
8a47b013b3dad8dca234e85b926dc06b76fb12a19467d897f362b9257c064b22;Robust Store;10023489;10023489
58583fa800a7eea7f6ef64570c4ebb5ab1c0c00524ebecfb66482ba9048f4ed0;Trend Market;10025291;10025291
c9bb9924796382bd082f0af06bffe5f1138baae9d04bc587761b0fc11845ed41;a2i Shop;10000462;10000462
3b680d2bbfe1ff7b28eb9e39a075ee563f9513084a88327a275be2d64b0d54ad;Debian Shop;10009697;10009697
96a484a333d6bf62cf023214c20ef847c3832f944de93d3cb497bde23cc1ab8b;Screen Supermarket;10024022;10024022
e8bbd727308c028c011c4933ae2b72c8d5260212bb148ed3c917ea195c1f95c1;Besicorp Shop;10004516;10004516
ea63fca758be2614ccd47b0726a3dd1acddf5e88b56141bf09ad286853facd54;Betacorp Shop;10005006;10005006
f0451db077a47031d371ae4d1350e571e123c8a6f0bcf4386cf58cddcc5cc1d7;Dan Store;10009633;10009633
a9bd6aebb97ef7471c3e7fc5e2e24449df409ea89722b9306d51dd89b8fe9c1a;Miles Supermarket;10020390;10020390
