PK_LOCALIDADE;address_number;state;city;country
afcc6e708bd905dfa8bd30ce691a5d3ba458bcf6e259378929aa283f608bade4;10025247;PA;Pittsburgh;US
379000e082e133b5cc4217e9151f9a6d2c84dba77123f9455d30f933b42e76e9;10025250;TN;Ooltewah;US
379000e082e133b5cc4217e9151f9a6d2c84dba77123f9455d30f933b42e76e9;10000460;TN;Goodlettsville;US
4042a73c116c9746ff23df90e66ab19b4723d773dd571d0b78af67522b676064;10009639;Não informado;Industriestrasse 17;UK
2b4cd33c4c62f4ec72c0c6bad01f0cda1c2c808ff3b677d24e0e3a0160a6fa46;10027082;AB;Edmonton;CA
4042a73c116c9746ff23df90e66ab19b4723d773dd571d0b78af67522b676064;10020662;Não informado;Jakarta Utara;AU
4042a73c116c9746ff23df90e66ab19b4723d773dd571d0b78af67522b676064;10004255;Não informado;Seoul;AU
b1ee07aade4efda17eee0d35b49e06481abc3e80732e2baafbf40c4ac70469d0;10024270;CA;Maxwell;US
379000e082e133b5cc4217e9151f9a6d2c84dba77123f9455d30f933b42e76e9;10024725;TX;Jasper;US
379000e082e133b5cc4217e9151f9a6d2c84dba77123f9455d30f933b42e76e9;10022249;NC;Shelby;US
b1ee07aade4efda17eee0d35b49e06481abc3e80732e2baafbf40c4ac70469d0;10025248;WA;Kent;US
afcc6e708bd905dfa8bd30ce691a5d3ba458bcf6e259378929aa283f608bade4;10027340;MA;Salem;US
379000e082e133b5cc4217e9151f9a6d2c84dba77123f9455d30f933b42e76e9;10013252;TX;Irving;US
b1ee07aade4efda17eee0d35b49e06481abc3e80732e2baafbf40c4ac70469d0;10025033;MT;Billings;US
afcc6e708bd905dfa8bd30ce691a5d3ba458bcf6e259378929aa283f608bade4;10015783;PA;Philadelphia;US
379000e082e133b5cc4217e9151f9a6d2c84dba77123f9455d30f933b42e76e9;10025040;TX;San Antonio;US
1afeeb4f561c3d914796782bfa14016ccfce18022cb9faaf7008fcaab8aeaca1;10020445;SD;Rapid City;US
2b4cd33c4c62f4ec72c0c6bad01f0cda1c2c808ff3b677d24e0e3a0160a6fa46;10025298;ON;Toronto;CA
afcc6e708bd905dfa8bd30ce691a5d3ba458bcf6e259378929aa283f608bade4;10011198;MA;Framingham;US
afcc6e708bd905dfa8bd30ce691a5d3ba458bcf6e259378929aa283f608bade4;10014779;NJ;Fairview;US
b1ee07aade4efda17eee0d35b49e06481abc3e80732e2baafbf40c4ac70469d0;10023275;OR;Portland;US
b1ee07aade4efda17eee0d35b49e06481abc3e80732e2baafbf40c4ac70469d0;10000466;CA;North Highlands;US
379000e082e133b5cc4217e9151f9a6d2c84dba77123f9455d30f933b42e76e9;10023538;TX;Fort Worth;US
2b4cd33c4c62f4ec72c0c6bad01f0cda1c2c808ff3b677d24e0e3a0160a6fa46;10010887;AB;Edmonton;CA
379000e082e133b5cc4217e9151f9a6d2c84dba77123f9455d30f933b42e76e9;10021911;MS;Tupelo;US
1afeeb4f561c3d914796782bfa14016ccfce18022cb9faaf7008fcaab8aeaca1;10025039;OH;Mentor;US
379000e082e133b5cc4217e9151f9a6d2c84dba77123f9455d30f933b42e76e9;10025285;TN;Chattanooga;US
2b4cd33c4c62f4ec72c0c6bad01f0cda1c2c808ff3b677d24e0e3a0160a6fa46;10026006;AB;Calgary;CA
4042a73c116c9746ff23df90e66ab19b4723d773dd571d0b78af67522b676064;10007866;Não informado;Sao Paulo;UK
379000e082e133b5cc4217e9151f9a6d2c84dba77123f9455d30f933b42e76e9;10016542;SC;Greenville;US
379000e082e133b5cc4217e9151f9a6d2c84dba77123f9455d30f933b42e76e9;10016549;FL;Jacksonville;US
379000e082e133b5cc4217e9151f9a6d2c84dba77123f9455d30f933b42e76e9;10019879;GA;Duluth;US
b1ee07aade4efda17eee0d35b49e06481abc3e80732e2baafbf40c4ac70469d0;10025284;CA;Hayward;US
4042a73c116c9746ff23df90e66ab19b4723d773dd571d0b78af67522b676064;10026868;Não informado;Valencia;UK
b1ee07aade4efda17eee0d35b49e06481abc3e80732e2baafbf40c4ac70469d0;10027381;WA;Tumwater;US
379000e082e133b5cc4217e9151f9a6d2c84dba77123f9455d30f933b42e76e9;10016047;TN;Nashville;US
2b4cd33c4c62f4ec72c0c6bad01f0cda1c2c808ff3b677d24e0e3a0160a6fa46;10019913;AB;Calgary;CA
1afeeb4f561c3d914796782bfa14016ccfce18022cb9faaf7008fcaab8aeaca1;10026560;MI;Dearborn;US
379000e082e133b5cc4217e9151f9a6d2c84dba77123f9455d30f933b42e76e9;10007355;TX;Amarillo;US
2b4cd33c4c62f4ec72c0c6bad01f0cda1c2c808ff3b677d24e0e3a0160a6fa46;10010884;QU;Boucherville;CA
4042a73c116c9746ff23df90e66ab19b4723d773dd571d0b78af67522b676064;10020672;Não informado;N-0598 Oslo;IR
1afeeb4f561c3d914796782bfa14016ccfce18022cb9faaf7008fcaab8aeaca1;10002746;IL;Bensonville;US
b1ee07aade4efda17eee0d35b49e06481abc3e80732e2baafbf40c4ac70469d0;10024260;WA;Spokane;US
4042a73c116c9746ff23df90e66ab19b4723d773dd571d0b78af67522b676064;10025022;Não informado;West Midlands;UK
379000e082e133b5cc4217e9151f9a6d2c84dba77123f9455d30f933b42e76e9;10023447;OK;Tulsa;US
379000e082e133b5cc4217e9151f9a6d2c84dba77123f9455d30f933b42e76e9;10023509;FL;Tampa;US
1afeeb4f561c3d914796782bfa14016ccfce18022cb9faaf7008fcaab8aeaca1;10000462;MO;Hazelwood;US
b1ee07aade4efda17eee0d35b49e06481abc3e80732e2baafbf40c4ac70469d0;10021422;CA;Brea;US
afcc6e708bd905dfa8bd30ce691a5d3ba458bcf6e259378929aa283f608bade4;10021470;PA;Wrightsville;US
4042a73c116c9746ff23df90e66ab19b4723d773dd571d0b78af67522b676064;10018363;Não informado;Panama Rep De Panama;IR
379000e082e133b5cc4217e9151f9a6d2c84dba77123f9455d30f933b42e76e9;10021175;TN;Johnson City;US
b1ee07aade4efda17eee0d35b49e06481abc3e80732e2baafbf40c4ac70469d0;10023489;CA;Sacramento;US
379000e082e133b5cc4217e9151f9a6d2c84dba77123f9455d30f933b42e76e9;10023759;AL;Birmingham;US
4042a73c116c9746ff23df90e66ab19b4723d773dd571d0b78af67522b676064;10026521;Não informado;Quezon City;IR
379000e082e133b5cc4217e9151f9a6d2c84dba77123f9455d30f933b42e76e9;10003795;LA;Baton Rouge;US
379000e082e133b5cc4217e9151f9a6d2c84dba77123f9455d30f933b42e76e9;10025814;TX;Houston;US
b1ee07aade4efda17eee0d35b49e06481abc3e80732e2baafbf40c4ac70469d0;10002506;UT;Salt Lake City;US
4042a73c116c9746ff23df90e66ab19b4723d773dd571d0b78af67522b676064;10018603;Não informado;Dubai;UK
4042a73c116c9746ff23df90e66ab19b4723d773dd571d0b78af67522b676064;10011732;Não informado;Não informado;UK
1afeeb4f561c3d914796782bfa14016ccfce18022cb9faaf7008fcaab8aeaca1;10016334;KS;Overland Park;US
379000e082e133b5cc4217e9151f9a6d2c84dba77123f9455d30f933b42e76e9;10025560;NC;Cramerton;US
1afeeb4f561c3d914796782bfa14016ccfce18022cb9faaf7008fcaab8aeaca1;10010914;KS;Overland Park;US
4042a73c116c9746ff23df90e66ab19b4723d773dd571d0b78af67522b676064;10015789;Não informado;Jeddah;AU
1afeeb4f561c3d914796782bfa14016ccfce18022cb9faaf7008fcaab8aeaca1;10022490;KS;Overland Park;US
2b4cd33c4c62f4ec72c0c6bad01f0cda1c2c808ff3b677d24e0e3a0160a6fa46;10000456;AB;Edmonton;CA
1afeeb4f561c3d914796782bfa14016ccfce18022cb9faaf7008fcaab8aeaca1;10009156;IN;Attica;US
2b4cd33c4c62f4ec72c0c6bad01f0cda1c2c808ff3b677d24e0e3a0160a6fa46;10016609;MB;Winnepeg;CA
379000e082e133b5cc4217e9151f9a6d2c84dba77123f9455d30f933b42e76e9;10009654;TX;Brownsville;US
b1ee07aade4efda17eee0d35b49e06481abc3e80732e2baafbf40c4ac70469d0;10020192;CA;Sacramento;US
1afeeb4f561c3d914796782bfa14016ccfce18022cb9faaf7008fcaab8aeaca1;10025291;OH;Dover;US
b1ee07aade4efda17eee0d35b49e06481abc3e80732e2baafbf40c4ac70469d0;10025791;OR;Prineville;US
b1ee07aade4efda17eee0d35b49e06481abc3e80732e2baafbf40c4ac70469d0;10020393;CO;Fort Collins;US
2b4cd33c4c62f4ec72c0c6bad01f0cda1c2c808ff3b677d24e0e3a0160a6fa46;10021204;ON;Toronto;CA
b1ee07aade4efda17eee0d35b49e06481abc3e80732e2baafbf40c4ac70469d0;10009672;AZ;Phoenix;US
1afeeb4f561c3d914796782bfa14016ccfce18022cb9faaf7008fcaab8aeaca1;10014533;IL;Aurora;US
1afeeb4f561c3d914796782bfa14016ccfce18022cb9faaf7008fcaab8aeaca1;10020390;MI;Lansing;US
379000e082e133b5cc4217e9151f9a6d2c84dba77123f9455d30f933b42e76e9;10004302;LA;Baton Rouge;US
1afeeb4f561c3d914796782bfa14016ccfce18022cb9faaf7008fcaab8aeaca1;10009356;MO;Cape Girardeau;US
379000e082e133b5cc4217e9151f9a6d2c84dba77123f9455d30f933b42e76e9;10024009;OK;Tulsa;US
1afeeb4f561c3d914796782bfa14016ccfce18022cb9faaf7008fcaab8aeaca1;10024010;SD;Mitchell;US
4042a73c116c9746ff23df90e66ab19b4723d773dd571d0b78af67522b676064;10025304;Não informado;Não informado;UK
afcc6e708bd905dfa8bd30ce691a5d3ba458bcf6e259378929aa283f608bade4;10012715;PA;Exeter;US
afcc6e708bd905dfa8bd30ce691a5d3ba458bcf6e259378929aa283f608bade4;10018665;PA;Wester Chester;US
1afeeb4f561c3d914796782bfa14016ccfce18022cb9faaf7008fcaab8aeaca1;10019665;IN;Hammond;US
2b4cd33c4c62f4ec72c0c6bad01f0cda1c2c808ff3b677d24e0e3a0160a6fa46;10022240;ON;Mississauga;CA
1afeeb4f561c3d914796782bfa14016ccfce18022cb9faaf7008fcaab8aeaca1;10022168;MI;Cass City;US
4042a73c116c9746ff23df90e66ab19b4723d773dd571d0b78af67522b676064;10000453;Não informado;Não informado;UK
4042a73c116c9746ff23df90e66ab19b4723d773dd571d0b78af67522b676064;10009669;Não informado;Não informado;UK
379000e082e133b5cc4217e9151f9a6d2c84dba77123f9455d30f933b42e76e9;10017576;LA;New Orleans;US
b1ee07aade4efda17eee0d35b49e06481abc3e80732e2baafbf40c4ac70469d0;10017828;CA;Cypress;US
4042a73c116c9746ff23df90e66ab19b4723d773dd571d0b78af67522b676064;10015011;Não informado;SE-132 28 Saltsjo-Boo;AU
b1ee07aade4efda17eee0d35b49e06481abc3e80732e2baafbf40c4ac70469d0;10025238;CA;San Diego;US
4042a73c116c9746ff23df90e66ab19b4723d773dd571d0b78af67522b676064;10009650;Não informado;La Paz;UK
1afeeb4f561c3d914796782bfa14016ccfce18022cb9faaf7008fcaab8aeaca1;10016564;MI;Traverse City;US
379000e082e133b5cc4217e9151f9a6d2c84dba77123f9455d30f933b42e76e9;10020413;OK;Okarche;US
b1ee07aade4efda17eee0d35b49e06481abc3e80732e2baafbf40c4ac70469d0;10026843;CA;Tulare;US
4042a73c116c9746ff23df90e66ab19b4723d773dd571d0b78af67522b676064;10009633;Não informado;Não informado;UK
379000e082e133b5cc4217e9151f9a6d2c84dba77123f9455d30f933b42e76e9;10010897;TN;Whitehouse;US
1afeeb4f561c3d914796782bfa14016ccfce18022cb9faaf7008fcaab8aeaca1;10012226;MI;Troy;US
b1ee07aade4efda17eee0d35b49e06481abc3e80732e2baafbf40c4ac70469d0;10015793;CA;Sacramento;US
4042a73c116c9746ff23df90e66ab19b4723d773dd571d0b78af67522b676064;10023511;Não informado;Schiphol-Rijk;IR
b1ee07aade4efda17eee0d35b49e06481abc3e80732e2baafbf40c4ac70469d0;10024022;CA;Irvine;US
1afeeb4f561c3d914796782bfa14016ccfce18022cb9faaf7008fcaab8aeaca1;10025061;OH;Canton;US
379000e082e133b5cc4217e9151f9a6d2c84dba77123f9455d30f933b42e76e9;10017314;TX;El Paso;US
2b4cd33c4c62f4ec72c0c6bad01f0cda1c2c808ff3b677d24e0e3a0160a6fa46;10024034;AB;Edmonton;CA
1afeeb4f561c3d914796782bfa14016ccfce18022cb9faaf7008fcaab8aeaca1;10024524;IA;New Hampton;US
379000e082e133b5cc4217e9151f9a6d2c84dba77123f9455d30f933b42e76e9;10026839;MS;Greenwood;US
1afeeb4f561c3d914796782bfa14016ccfce18022cb9faaf7008fcaab8aeaca1;10027356;MN;Grand Rapids;US
1afeeb4f561c3d914796782bfa14016ccfce18022cb9faaf7008fcaab8aeaca1;10013765;MO;St Louis;US
4042a73c116c9746ff23df90e66ab19b4723d773dd571d0b78af67522b676064;10019420;Não informado;Ruwi;IR
1afeeb4f561c3d914796782bfa14016ccfce18022cb9faaf7008fcaab8aeaca1;10015275;WI;Marshfield;US
1afeeb4f561c3d914796782bfa14016ccfce18022cb9faaf7008fcaab8aeaca1;10017072;IL;Chicago;US
b1ee07aade4efda17eee0d35b49e06481abc3e80732e2baafbf40c4ac70469d0;10019678;CA;Sacramento;US
1afeeb4f561c3d914796782bfa14016ccfce18022cb9faaf7008fcaab8aeaca1;10027583;IL;Morton;US
4042a73c116c9746ff23df90e66ab19b4723d773dd571d0b78af67522b676064;10017290;Não informado;Bogota;UK
1afeeb4f561c3d914796782bfa14016ccfce18022cb9faaf7008fcaab8aeaca1;10021415;IN;Indianopolis;US
2b4cd33c4c62f4ec72c0c6bad01f0cda1c2c808ff3b677d24e0e3a0160a6fa46;10025508;NB;Moncton;CA
b1ee07aade4efda17eee0d35b49e06481abc3e80732e2baafbf40c4ac70469d0;10009631;CA;Corona;US
1afeeb4f561c3d914796782bfa14016ccfce18022cb9faaf7008fcaab8aeaca1;10010717;KS;Waterville;US
1afeeb4f561c3d914796782bfa14016ccfce18022cb9faaf7008fcaab8aeaca1;10022252;IL;Crestwood;US
379000e082e133b5cc4217e9151f9a6d2c84dba77123f9455d30f933b42e76e9;10007564;TX;Cleveland;US
1afeeb4f561c3d914796782bfa14016ccfce18022cb9faaf7008fcaab8aeaca1;10013509;IL;Joliet;US
b1ee07aade4efda17eee0d35b49e06481abc3e80732e2baafbf40c4ac70469d0;10021203;CA;Costa Mesa;US
b1ee07aade4efda17eee0d35b49e06481abc3e80732e2baafbf40c4ac70469d0;10022434;CA;Placentia;US
379000e082e133b5cc4217e9151f9a6d2c84dba77123f9455d30f933b42e76e9;10020184;TN;Smyrna;US
4042a73c116c9746ff23df90e66ab19b4723d773dd571d0b78af67522b676064;10022978;Não informado;Não informado;UK
1afeeb4f561c3d914796782bfa14016ccfce18022cb9faaf7008fcaab8aeaca1;10023023;MN;Thief River Falls;US
1afeeb4f561c3d914796782bfa14016ccfce18022cb9faaf7008fcaab8aeaca1;10025269;KS;Overland Park;US
4042a73c116c9746ff23df90e66ab19b4723d773dd571d0b78af67522b676064;10018868;Não informado;Não informado;AU
1afeeb4f561c3d914796782bfa14016ccfce18022cb9faaf7008fcaab8aeaca1;10022730;MI;Warren;US
379000e082e133b5cc4217e9151f9a6d2c84dba77123f9455d30f933b42e76e9;10011521;MS;Okolona;US
1afeeb4f561c3d914796782bfa14016ccfce18022cb9faaf7008fcaab8aeaca1;10017036;MN;Eagan;US
1afeeb4f561c3d914796782bfa14016ccfce18022cb9faaf7008fcaab8aeaca1;10026291;MO;Poplar Bluff;US
2b4cd33c4c62f4ec72c0c6bad01f0cda1c2c808ff3b677d24e0e3a0160a6fa46;10002220;BC;Prince George;CA
1afeeb4f561c3d914796782bfa14016ccfce18022cb9faaf7008fcaab8aeaca1;10007566;MO;St Joseph;US
379000e082e133b5cc4217e9151f9a6d2c84dba77123f9455d30f933b42e76e9;10010970;TX;Irving;US
379000e082e133b5cc4217e9151f9a6d2c84dba77123f9455d30f933b42e76e9;10012422;AL;Saginaw;US
1afeeb4f561c3d914796782bfa14016ccfce18022cb9faaf7008fcaab8aeaca1;10019664;IL;MOLINE;US
1afeeb4f561c3d914796782bfa14016ccfce18022cb9faaf7008fcaab8aeaca1;10000458;MI;Saginaw;US
b1ee07aade4efda17eee0d35b49e06481abc3e80732e2baafbf40c4ac70469d0;10021184;OR;Aurora;US
afcc6e708bd905dfa8bd30ce691a5d3ba458bcf6e259378929aa283f608bade4;10008602;ME;Wells;US
1afeeb4f561c3d914796782bfa14016ccfce18022cb9faaf7008fcaab8aeaca1;10013472;IN;Indianapolis;US
1afeeb4f561c3d914796782bfa14016ccfce18022cb9faaf7008fcaab8aeaca1;10020446;MI;Pontiac;US
4042a73c116c9746ff23df90e66ab19b4723d773dd571d0b78af67522b676064;10023780;Não informado;Asuncion;UK
afcc6e708bd905dfa8bd30ce691a5d3ba458bcf6e259378929aa283f608bade4;10025549;PA;Shady Grove;US
1afeeb4f561c3d914796782bfa14016ccfce18022cb9faaf7008fcaab8aeaca1;10020927;NE;Sidney;US
b1ee07aade4efda17eee0d35b49e06481abc3e80732e2baafbf40c4ac70469d0;10021412;OR;Clackamas;US
2b4cd33c4c62f4ec72c0c6bad01f0cda1c2c808ff3b677d24e0e3a0160a6fa46;10021472;BC;Surrey;CA
379000e082e133b5cc4217e9151f9a6d2c84dba77123f9455d30f933b42e76e9;10000475;NC;Charlotte;US
afcc6e708bd905dfa8bd30ce691a5d3ba458bcf6e259378929aa283f608bade4;10010906;MD;Frederick;US
b1ee07aade4efda17eee0d35b49e06481abc3e80732e2baafbf40c4ac70469d0;10011981;MT;Missoula;US
1afeeb4f561c3d914796782bfa14016ccfce18022cb9faaf7008fcaab8aeaca1;10019942;IN;New Castle;US
379000e082e133b5cc4217e9151f9a6d2c84dba77123f9455d30f933b42e76e9;10022725;GA;Norcross;US
b1ee07aade4efda17eee0d35b49e06481abc3e80732e2baafbf40c4ac70469d0;10004256;OR;Portland;US
4042a73c116c9746ff23df90e66ab19b4723d773dd571d0b78af67522b676064;10018371;Não informado;00-394 Warsaw;UK
4042a73c116c9746ff23df90e66ab19b4723d773dd571d0b78af67522b676064;10026081;Não informado;Bremen;UK
1afeeb4f561c3d914796782bfa14016ccfce18022cb9faaf7008fcaab8aeaca1;10006093;IN;Evansville;US
b1ee07aade4efda17eee0d35b49e06481abc3e80732e2baafbf40c4ac70469d0;10019900;CA;Sacramento;US
b1ee07aade4efda17eee0d35b49e06481abc3e80732e2baafbf40c4ac70469d0;10022183;CO;Breckenridge;US
b1ee07aade4efda17eee0d35b49e06481abc3e80732e2baafbf40c4ac70469d0;10025778;CA;Pomona;US
b1ee07aade4efda17eee0d35b49e06481abc3e80732e2baafbf40c4ac70469d0;10025919;CA;Compton;US
379000e082e133b5cc4217e9151f9a6d2c84dba77123f9455d30f933b42e76e9;10010912;AR;Fort Smith;US
4042a73c116c9746ff23df90e66ab19b4723d773dd571d0b78af67522b676064;10018877;Não informado;Beirut;AU
afcc6e708bd905dfa8bd30ce691a5d3ba458bcf6e259378929aa283f608bade4;10019880;NJ;Somerset;US
1afeeb4f561c3d914796782bfa14016ccfce18022cb9faaf7008fcaab8aeaca1;10024550;WI;Appleton;US
b1ee07aade4efda17eee0d35b49e06481abc3e80732e2baafbf40c4ac70469d0;10021179;CA;El Cajon;US
1afeeb4f561c3d914796782bfa14016ccfce18022cb9faaf7008fcaab8aeaca1;10010935;IA;Sioux Center;US
1afeeb4f561c3d914796782bfa14016ccfce18022cb9faaf7008fcaab8aeaca1;10018871;MI;Livonia;US
4042a73c116c9746ff23df90e66ab19b4723d773dd571d0b78af67522b676064;10025288;Não informado;Furstentum;AU
379000e082e133b5cc4217e9151f9a6d2c84dba77123f9455d30f933b42e76e9;10027575;TX;Dallas;US
afcc6e708bd905dfa8bd30ce691a5d3ba458bcf6e259378929aa283f608bade4;10006848;VA;Fredericksburg;US
379000e082e133b5cc4217e9151f9a6d2c84dba77123f9455d30f933b42e76e9;10014739;OK;Tulsa;US
b1ee07aade4efda17eee0d35b49e06481abc3e80732e2baafbf40c4ac70469d0;10024262;CA;Oakland;US
afcc6e708bd905dfa8bd30ce691a5d3ba458bcf6e259378929aa283f608bade4;10009662;PA;West Point;US
4042a73c116c9746ff23df90e66ab19b4723d773dd571d0b78af67522b676064;10011979;Não informado;4100 Porto;UK
1afeeb4f561c3d914796782bfa14016ccfce18022cb9faaf7008fcaab8aeaca1;10018867;MI;Flint;US
afcc6e708bd905dfa8bd30ce691a5d3ba458bcf6e259378929aa283f608bade4;10011997;VA;Roanoke;US
b1ee07aade4efda17eee0d35b49e06481abc3e80732e2baafbf40c4ac70469d0;10025305;CO;Colorado Springs;US
2b4cd33c4c62f4ec72c0c6bad01f0cda1c2c808ff3b677d24e0e3a0160a6fa46;10014471;AB;Calgary;CA
1afeeb4f561c3d914796782bfa14016ccfce18022cb9faaf7008fcaab8aeaca1;10025287;WI;Brookfield;US
afcc6e708bd905dfa8bd30ce691a5d3ba458bcf6e259378929aa283f608bade4;10020388;MD;Glen Burnie;US
379000e082e133b5cc4217e9151f9a6d2c84dba77123f9455d30f933b42e76e9;10026581;GA;Savannah;US
4042a73c116c9746ff23df90e66ab19b4723d773dd571d0b78af67522b676064;10012761;Não informado;Cali;UK
b1ee07aade4efda17eee0d35b49e06481abc3e80732e2baafbf40c4ac70469d0;10016858;OR;Beaverton;US
379000e082e133b5cc4217e9151f9a6d2c84dba77123f9455d30f933b42e76e9;10008596;LA;Springhill;US
1afeeb4f561c3d914796782bfa14016ccfce18022cb9faaf7008fcaab8aeaca1;10021231;IN;Middlebury;US
b1ee07aade4efda17eee0d35b49e06481abc3e80732e2baafbf40c4ac70469d0;10008381;WA;Puyallup;US
2b4cd33c4c62f4ec72c0c6bad01f0cda1c2c808ff3b677d24e0e3a0160a6fa46;10025299;QU;Montreal;CA
2b4cd33c4c62f4ec72c0c6bad01f0cda1c2c808ff3b677d24e0e3a0160a6fa46;10025237;ON;Oakville;CA
379000e082e133b5cc4217e9151f9a6d2c84dba77123f9455d30f933b42e76e9;10025558;AR;Little Rock;US
afcc6e708bd905dfa8bd30ce691a5d3ba458bcf6e259378929aa283f608bade4;10009657;ME;Lewiston;US
1afeeb4f561c3d914796782bfa14016ccfce18022cb9faaf7008fcaab8aeaca1;10017553;KS;Ottawa;US
4042a73c116c9746ff23df90e66ab19b4723d773dd571d0b78af67522b676064;10022755;Não informado;Johannesburg;AU
379000e082e133b5cc4217e9151f9a6d2c84dba77123f9455d30f933b42e76e9;10006805;FL;Miami;US
afcc6e708bd905dfa8bd30ce691a5d3ba458bcf6e259378929aa283f608bade4;10025300;NY;West Sayville;US
2b4cd33c4c62f4ec72c0c6bad01f0cda1c2c808ff3b677d24e0e3a0160a6fa46;10000469;QU;Montreal;CA
afcc6e708bd905dfa8bd30ce691a5d3ba458bcf6e259378929aa283f608bade4;10008638;PA;Milesburg;US
b1ee07aade4efda17eee0d35b49e06481abc3e80732e2baafbf40c4ac70469d0;10022456;CA;Rancho Cordova;US
b1ee07aade4efda17eee0d35b49e06481abc3e80732e2baafbf40c4ac70469d0;10026861;UT;Salt Lake City;US
1afeeb4f561c3d914796782bfa14016ccfce18022cb9faaf7008fcaab8aeaca1;10017054;MI;Newport;US
379000e082e133b5cc4217e9151f9a6d2c84dba77123f9455d30f933b42e76e9;10025758;OK;Oklahoma City;US
b1ee07aade4efda17eee0d35b49e06481abc3e80732e2baafbf40c4ac70469d0;10007120;ID;Rexburg;US
1afeeb4f561c3d914796782bfa14016ccfce18022cb9faaf7008fcaab8aeaca1;10016807;KS;Overland Park;US
1afeeb4f561c3d914796782bfa14016ccfce18022cb9faaf7008fcaab8aeaca1;10020909;OH;Canton;US
379000e082e133b5cc4217e9151f9a6d2c84dba77123f9455d30f933b42e76e9;10025302;OK;Tulsa;US
379000e082e133b5cc4217e9151f9a6d2c84dba77123f9455d30f933b42e76e9;10002244;NC;Statesville;US
379000e082e133b5cc4217e9151f9a6d2c84dba77123f9455d30f933b42e76e9;10019617;TX;Spring;US
b1ee07aade4efda17eee0d35b49e06481abc3e80732e2baafbf40c4ac70469d0;10025264;AZ;Tuscon;US
b1ee07aade4efda17eee0d35b49e06481abc3e80732e2baafbf40c4ac70469d0;10024248;OR;Portland;US
afcc6e708bd905dfa8bd30ce691a5d3ba458bcf6e259378929aa283f608bade4;10016303;NY;Buffalo;US
379000e082e133b5cc4217e9151f9a6d2c84dba77123f9455d30f933b42e76e9;10021145;MS;Brookhaven;US
2b4cd33c4c62f4ec72c0c6bad01f0cda1c2c808ff3b677d24e0e3a0160a6fa46;10022687;BC;Burnaby;CA
b1ee07aade4efda17eee0d35b49e06481abc3e80732e2baafbf40c4ac70469d0;10025289;CA;Fresno;US
379000e082e133b5cc4217e9151f9a6d2c84dba77123f9455d30f933b42e76e9;10000601;NC;Creedmoor;US
b1ee07aade4efda17eee0d35b49e06481abc3e80732e2baafbf40c4ac70469d0;10020663;NV;Sparks;US
4042a73c116c9746ff23df90e66ab19b4723d773dd571d0b78af67522b676064;10026009;Não informado;Não informado;AU
1afeeb4f561c3d914796782bfa14016ccfce18022cb9faaf7008fcaab8aeaca1;10008593;IL;Highland;US
379000e082e133b5cc4217e9151f9a6d2c84dba77123f9455d30f933b42e76e9;10009660;GA;Augusta;US
379000e082e133b5cc4217e9151f9a6d2c84dba77123f9455d30f933b42e76e9;10014804;LA;Shreveport;US
1afeeb4f561c3d914796782bfa14016ccfce18022cb9faaf7008fcaab8aeaca1;10015824;IN;South Bend;US
1afeeb4f561c3d914796782bfa14016ccfce18022cb9faaf7008fcaab8aeaca1;10024541;OH;Bedford;US
b1ee07aade4efda17eee0d35b49e06481abc3e80732e2baafbf40c4ac70469d0;10008893;WA;Yakama;US
4042a73c116c9746ff23df90e66ab19b4723d773dd571d0b78af67522b676064;10014043;Não informado;Guadalajara Jal Mexico;IR
379000e082e133b5cc4217e9151f9a6d2c84dba77123f9455d30f933b42e76e9;10016588;TX;Schertz;US
b1ee07aade4efda17eee0d35b49e06481abc3e80732e2baafbf40c4ac70469d0;10004245;OR;Portland;US
4042a73c116c9746ff23df90e66ab19b4723d773dd571d0b78af67522b676064;10020193;Não informado;Não informado;UK
1afeeb4f561c3d914796782bfa14016ccfce18022cb9faaf7008fcaab8aeaca1;10010969;IN;Elkhart;US
1afeeb4f561c3d914796782bfa14016ccfce18022cb9faaf7008fcaab8aeaca1;10021139;MI;Livonia;US
b1ee07aade4efda17eee0d35b49e06481abc3e80732e2baafbf40c4ac70469d0;10025051;AK;Anchorage;US
b1ee07aade4efda17eee0d35b49e06481abc3e80732e2baafbf40c4ac70469d0;10000472;CA;Van Nuys;US
4042a73c116c9746ff23df90e66ab19b4723d773dd571d0b78af67522b676064;10010923;Não informado;Seocho-GU;AU
4042a73c116c9746ff23df90e66ab19b4723d773dd571d0b78af67522b676064;10018129;Não informado;ZI 1 Ducos;IR
379000e082e133b5cc4217e9151f9a6d2c84dba77123f9455d30f933b42e76e9;10026336;SC;Columbia;US
b1ee07aade4efda17eee0d35b49e06481abc3e80732e2baafbf40c4ac70469d0;10000480;AZ;Phoenix;US
b1ee07aade4efda17eee0d35b49e06481abc3e80732e2baafbf40c4ac70469d0;10018885;ID;Pocatello;US
379000e082e133b5cc4217e9151f9a6d2c84dba77123f9455d30f933b42e76e9;10021459;MS;Olive Branch;US
b1ee07aade4efda17eee0d35b49e06481abc3e80732e2baafbf40c4ac70469d0;10024743;WA;Enumclaw;US
2b4cd33c4c62f4ec72c0c6bad01f0cda1c2c808ff3b677d24e0e3a0160a6fa46;10009652;QU;Valcourt;CA
4042a73c116c9746ff23df90e66ab19b4723d773dd571d0b78af67522b676064;10020181;Não informado;D 95326 Kulmbach;UK
379000e082e133b5cc4217e9151f9a6d2c84dba77123f9455d30f933b42e76e9;10025495;AL;Birmingham;US
b1ee07aade4efda17eee0d35b49e06481abc3e80732e2baafbf40c4ac70469d0;10002709;OR;Albany;US
1afeeb4f561c3d914796782bfa14016ccfce18022cb9faaf7008fcaab8aeaca1;10014803;MI;Grand Rapids;US
379000e082e133b5cc4217e9151f9a6d2c84dba77123f9455d30f933b42e76e9;10021911;MS;Te Rapa Hamilton;US
379000e082e133b5cc4217e9151f9a6d2c84dba77123f9455d30f933b42e76e9;10022470;FL;Ormond Beach;US
4042a73c116c9746ff23df90e66ab19b4723d773dd571d0b78af67522b676064;10004516;Não informado;Lighthorne Warwick;UK
b1ee07aade4efda17eee0d35b49e06481abc3e80732e2baafbf40c4ac70469d0;10005006;ID;Boise;US
379000e082e133b5cc4217e9151f9a6d2c84dba77123f9455d30f933b42e76e9;10023235;TX;Houston;US
b1ee07aade4efda17eee0d35b49e06481abc3e80732e2baafbf40c4ac70469d0;10025049;OR;Milwaukie;US
afcc6e708bd905dfa8bd30ce691a5d3ba458bcf6e259378929aa283f608bade4;10002240;MA;Medford;US
1afeeb4f561c3d914796782bfa14016ccfce18022cb9faaf7008fcaab8aeaca1;10025036;MO;Kansas City;US
afcc6e708bd905dfa8bd30ce691a5d3ba458bcf6e259378929aa283f608bade4;10017638;VA;Roanoke;US
afcc6e708bd905dfa8bd30ce691a5d3ba458bcf6e259378929aa283f608bade4;10021996;PA;Milton;US
379000e082e133b5cc4217e9151f9a6d2c84dba77123f9455d30f933b42e76e9;10023241;AR;North Little Rock;US
b1ee07aade4efda17eee0d35b49e06481abc3e80732e2baafbf40c4ac70469d0;10015030;AK;Anchorage;US
379000e082e133b5cc4217e9151f9a6d2c84dba77123f9455d30f933b42e76e9;10019897;TX;El Paso;US
b1ee07aade4efda17eee0d35b49e06481abc3e80732e2baafbf40c4ac70469d0;10009656;CA;Trinity Center;US
379000e082e133b5cc4217e9151f9a6d2c84dba77123f9455d30f933b42e76e9;10013188;NC;Charlotte;US
1afeeb4f561c3d914796782bfa14016ccfce18022cb9faaf7008fcaab8aeaca1;10015495;KS;Kansas City;US
1afeeb4f561c3d914796782bfa14016ccfce18022cb9faaf7008fcaab8aeaca1;10023715;IN;Plainfield;US
afcc6e708bd905dfa8bd30ce691a5d3ba458bcf6e259378929aa283f608bade4;10025771;MD;Waldorf;US
b1ee07aade4efda17eee0d35b49e06481abc3e80732e2baafbf40c4ac70469d0;10000473;CA;Rancho Cordova;US
4042a73c116c9746ff23df90e66ab19b4723d773dd571d0b78af67522b676064;10007309;Não informado;Não informado;UK
1afeeb4f561c3d914796782bfa14016ccfce18022cb9faaf7008fcaab8aeaca1;10014264;MO;Springfield;US
1afeeb4f561c3d914796782bfa14016ccfce18022cb9faaf7008fcaab8aeaca1;10022750;MI;Watervliet;US
1afeeb4f561c3d914796782bfa14016ccfce18022cb9faaf7008fcaab8aeaca1;10024255;MI;Pontiac;US
379000e082e133b5cc4217e9151f9a6d2c84dba77123f9455d30f933b42e76e9;10009697;FL;Orlando;US
379000e082e133b5cc4217e9151f9a6d2c84dba77123f9455d30f933b42e76e9;10016548;AL;Mobile;US
b1ee07aade4efda17eee0d35b49e06481abc3e80732e2baafbf40c4ac70469d0;10000455;CA;Huntington Beach;US
379000e082e133b5cc4217e9151f9a6d2c84dba77123f9455d30f933b42e76e9;10025515;MS;Jackson;US
b1ee07aade4efda17eee0d35b49e06481abc3e80732e2baafbf40c4ac70469d0;10023778;OR;Hillsboro;US
2b4cd33c4c62f4ec72c0c6bad01f0cda1c2c808ff3b677d24e0e3a0160a6fa46;10025023;SK;Saskatoon;CA
4042a73c116c9746ff23df90e66ab19b4723d773dd571d0b78af67522b676064;10014540;Não informado;1980 Santiago;UK
379000e082e133b5cc4217e9151f9a6d2c84dba77123f9455d30f933b42e76e9;10025243;TX;Longview;US
1afeeb4f561c3d914796782bfa14016ccfce18022cb9faaf7008fcaab8aeaca1;10019400;IN;Valparaiso;US
2b4cd33c4c62f4ec72c0c6bad01f0cda1c2c808ff3b677d24e0e3a0160a6fa46;10025246;MB;Winnepeg;CA
379000e082e133b5cc4217e9151f9a6d2c84dba77123f9455d30f933b42e76e9;10002765;FL;Hialeah;US
1afeeb4f561c3d914796782bfa14016ccfce18022cb9faaf7008fcaab8aeaca1;10017585;WI;Milwaukie;US
1afeeb4f561c3d914796782bfa14016ccfce18022cb9faaf7008fcaab8aeaca1;10009642;IL;Joliet;US
4042a73c116c9746ff23df90e66ab19b4723d773dd571d0b78af67522b676064;10020449;Não informado;Santiago;UK
b1ee07aade4efda17eee0d35b49e06481abc3e80732e2baafbf40c4ac70469d0;10014495;OR;Clackamas;US
afcc6e708bd905dfa8bd30ce691a5d3ba458bcf6e259378929aa283f608bade4;10020962;PA;Mercer;US
afcc6e708bd905dfa8bd30ce691a5d3ba458bcf6e259378929aa283f608bade4;10002969;VA;Manassas;US
379000e082e133b5cc4217e9151f9a6d2c84dba77123f9455d30f933b42e76e9;10023471;TX;Odessa;US
4042a73c116c9746ff23df90e66ab19b4723d773dd571d0b78af67522b676064;10005043;Não informado;San Jose;UK
afcc6e708bd905dfa8bd30ce691a5d3ba458bcf6e259378929aa283f608bade4;10025062;NY;Bedford Hills;US
4042a73c116c9746ff23df90e66ab19b4723d773dd571d0b78af67522b676064;10025239;Não informado;Não informado;UK
4042a73c116c9746ff23df90e66ab19b4723d773dd571d0b78af67522b676064;10009863;Não informado;Beijing 100088;UK
b1ee07aade4efda17eee0d35b49e06481abc3e80732e2baafbf40c4ac70469d0;10019109;CA;Sacramento;US
4042a73c116c9746ff23df90e66ab19b4723d773dd571d0b78af67522b676064;10024477;Não informado;Santa Cruz;UK
4042a73c116c9746ff23df90e66ab19b4723d773dd571d0b78af67522b676064;10014238;Não informado;2215 TC Voorhout;IR
b1ee07aade4efda17eee0d35b49e06481abc3e80732e2baafbf40c4ac70469d0;10023212;OR;Medford;US
1afeeb4f561c3d914796782bfa14016ccfce18022cb9faaf7008fcaab8aeaca1;10000474;IA;Des Moines;US
379000e082e133b5cc4217e9151f9a6d2c84dba77123f9455d30f933b42e76e9;10023783;AR;Pine Bluff;US
b1ee07aade4efda17eee0d35b49e06481abc3e80732e2baafbf40c4ac70469d0;10019388;CO;Ft Collins;US
b1ee07aade4efda17eee0d35b49e06481abc3e80732e2baafbf40c4ac70469d0;10010886;MT;Libby;US
2b4cd33c4c62f4ec72c0c6bad01f0cda1c2c808ff3b677d24e0e3a0160a6fa46;10019410;AB;Edmonton;CA
1afeeb4f561c3d914796782bfa14016ccfce18022cb9faaf7008fcaab8aeaca1;10021986;MI;Livonia;US
2b4cd33c4c62f4ec72c0c6bad01f0cda1c2c808ff3b677d24e0e3a0160a6fa46;10011724;ON;Ingersoll;CA
1afeeb4f561c3d914796782bfa14016ccfce18022cb9faaf7008fcaab8aeaca1;10021977;KS;Overland Park;US
379000e082e133b5cc4217e9151f9a6d2c84dba77123f9455d30f933b42e76e9;10009907;KY;Elizabethtown;US
2b4cd33c4c62f4ec72c0c6bad01f0cda1c2c808ff3b677d24e0e3a0160a6fa46;10012235;MB;Winnipeg;CA
4042a73c116c9746ff23df90e66ab19b4723d773dd571d0b78af67522b676064;10015267;Não informado;Sollinge Molle;UK
1afeeb4f561c3d914796782bfa14016ccfce18022cb9faaf7008fcaab8aeaca1;10016045;WI;Monroe;US
379000e082e133b5cc4217e9151f9a6d2c84dba77123f9455d30f933b42e76e9;10018623;MS;Laurel;US
4042a73c116c9746ff23df90e66ab19b4723d773dd571d0b78af67522b676064;10002526;Não informado;EE 0026 Tallinn;UK
1afeeb4f561c3d914796782bfa14016ccfce18022cb9faaf7008fcaab8aeaca1;10025296;WI;Sun Prairie;US
379000e082e133b5cc4217e9151f9a6d2c84dba77123f9455d30f933b42e76e9;10019150;FL;Jacksonville;US
4042a73c116c9746ff23df90e66ab19b4723d773dd571d0b78af67522b676064;10022167;Não informado;Georgetown;AU
379000e082e133b5cc4217e9151f9a6d2c84dba77123f9455d30f933b42e76e9;10020684;AL;Montgomery;US
1afeeb4f561c3d914796782bfa14016ccfce18022cb9faaf7008fcaab8aeaca1;10021668;MO;Independence;US
afcc6e708bd905dfa8bd30ce691a5d3ba458bcf6e259378929aa283f608bade4;10022678;VA;Richmond;US
1afeeb4f561c3d914796782bfa14016ccfce18022cb9faaf7008fcaab8aeaca1;10023785;OH;Columbus;US
379000e082e133b5cc4217e9151f9a6d2c84dba77123f9455d30f933b42e76e9;10002489;GA;Villa Rica;US
379000e082e133b5cc4217e9151f9a6d2c84dba77123f9455d30f933b42e76e9;10009679;MS;Meridian;US
379000e082e133b5cc4217e9151f9a6d2c84dba77123f9455d30f933b42e76e9;10025249;TN;Memphis;US
379000e082e133b5cc4217e9151f9a6d2c84dba77123f9455d30f933b42e76e9;10011734;GA;Atlanta;US
1afeeb4f561c3d914796782bfa14016ccfce18022cb9faaf7008fcaab8aeaca1;10025571;IA;Des Moines;US
2b4cd33c4c62f4ec72c0c6bad01f0cda1c2c808ff3b677d24e0e3a0160a6fa46;10017307;QU;Anjou;CA
1afeeb4f561c3d914796782bfa14016ccfce18022cb9faaf7008fcaab8aeaca1;10022450;KS;Overland Park;US
379000e082e133b5cc4217e9151f9a6d2c84dba77123f9455d30f933b42e76e9;10023793;LA;Holden;US
379000e082e133b5cc4217e9151f9a6d2c84dba77123f9455d30f933b42e76e9;10026299;TX;Dallas;US
379000e082e133b5cc4217e9151f9a6d2c84dba77123f9455d30f933b42e76e9;10007123;AR;Little Rock;US
afcc6e708bd905dfa8bd30ce691a5d3ba458bcf6e259378929aa283f608bade4;10023760;NH;North Hampton;US
379000e082e133b5cc4217e9151f9a6d2c84dba77123f9455d30f933b42e76e9;10024499;TX;Houston;US
379000e082e133b5cc4217e9151f9a6d2c84dba77123f9455d30f933b42e76e9;10023524;SC;Clemson;US
4042a73c116c9746ff23df90e66ab19b4723d773dd571d0b78af67522b676064;10023703;Não informado;Istanbul;AU
1afeeb4f561c3d914796782bfa14016ccfce18022cb9faaf7008fcaab8aeaca1;10009643;MI;Flint;US
2b4cd33c4c62f4ec72c0c6bad01f0cda1c2c808ff3b677d24e0e3a0160a6fa46;10025032;QU;Montreal;CA
1afeeb4f561c3d914796782bfa14016ccfce18022cb9faaf7008fcaab8aeaca1;10027053;IL;Raleigh;US
1afeeb4f561c3d914796782bfa14016ccfce18022cb9faaf7008fcaab8aeaca1;10013232;WI;Milwaukie;US
2b4cd33c4c62f4ec72c0c6bad01f0cda1c2c808ff3b677d24e0e3a0160a6fa46;10018146;AB;Fort Macleod;CA
b1ee07aade4efda17eee0d35b49e06481abc3e80732e2baafbf40c4ac70469d0;10021418;CO;Wheatridge;US
1afeeb4f561c3d914796782bfa14016ccfce18022cb9faaf7008fcaab8aeaca1;10026522;IN;Fairmount;US
b1ee07aade4efda17eee0d35b49e06481abc3e80732e2baafbf40c4ac70469d0;10010698;CA;Gardena;US
1afeeb4f561c3d914796782bfa14016ccfce18022cb9faaf7008fcaab8aeaca1;10019682;SD;Lennox;US
1afeeb4f561c3d914796782bfa14016ccfce18022cb9faaf7008fcaab8aeaca1;10026532;IA;Garner;US
1afeeb4f561c3d914796782bfa14016ccfce18022cb9faaf7008fcaab8aeaca1;10027050;WI;Milwaukie;US
1afeeb4f561c3d914796782bfa14016ccfce18022cb9faaf7008fcaab8aeaca1;10021223;MI;Wayne;US
afcc6e708bd905dfa8bd30ce691a5d3ba458bcf6e259378929aa283f608bade4;10024246;RI;East Providence;US
4042a73c116c9746ff23df90e66ab19b4723d773dd571d0b78af67522b676064;10027370;Não informado;Madrid;UK
1afeeb4f561c3d914796782bfa14016ccfce18022cb9faaf7008fcaab8aeaca1;10018644;KS;Overland Park;US
4042a73c116c9746ff23df90e66ab19b4723d773dd571d0b78af67522b676064;10013011;Não informado;112 Reyjavik;AU
afcc6e708bd905dfa8bd30ce691a5d3ba458bcf6e259378929aa283f608bade4;10003720;PA;Hermitage;US
4042a73c116c9746ff23df90e66ab19b4723d773dd571d0b78af67522b676064;10007591;Não informado;FIN 00710;UK
b1ee07aade4efda17eee0d35b49e06481abc3e80732e2baafbf40c4ac70469d0;10026355;WY;Casper;US
b1ee07aade4efda17eee0d35b49e06481abc3e80732e2baafbf40c4ac70469d0;10014546;AZ;Phoenix;US
2b4cd33c4c62f4ec72c0c6bad01f0cda1c2c808ff3b677d24e0e3a0160a6fa46;10009885;MB;Winnipeg;CA
4042a73c116c9746ff23df90e66ab19b4723d773dd571d0b78af67522b676064;10009606;Não informado;Kilsyth;UK
b1ee07aade4efda17eee0d35b49e06481abc3e80732e2baafbf40c4ac70469d0;10018628;OR;Tigard;US
2b4cd33c4c62f4ec72c0c6bad01f0cda1c2c808ff3b677d24e0e3a0160a6fa46;10020448;SK;Regina;CA
4042a73c116c9746ff23df90e66ab19b4723d773dd571d0b78af67522b676064;10027119;Não informado;Não informado;UK
afcc6e708bd905dfa8bd30ce691a5d3ba458bcf6e259378929aa283f608bade4;10008134;VA;Petersburg;US
379000e082e133b5cc4217e9151f9a6d2c84dba77123f9455d30f933b42e76e9;10009623;LA;Gretna;US
379000e082e133b5cc4217e9151f9a6d2c84dba77123f9455d30f933b42e76e9;10020914;LA;Calhoun;US
1afeeb4f561c3d914796782bfa14016ccfce18022cb9faaf7008fcaab8aeaca1;10021485;MN;Hamel;US
379000e082e133b5cc4217e9151f9a6d2c84dba77123f9455d30f933b42e76e9;10023516;FL;Miami;US
afcc6e708bd905dfa8bd30ce691a5d3ba458bcf6e259378929aa283f608bade4;10025038;PA;Mechanicsburg;US
2b4cd33c4c62f4ec72c0c6bad01f0cda1c2c808ff3b677d24e0e3a0160a6fa46;10025575;ON;Beamsville;CA
b1ee07aade4efda17eee0d35b49e06481abc3e80732e2baafbf40c4ac70469d0;10014047;CA;Fresno;US
b1ee07aade4efda17eee0d35b49e06481abc3e80732e2baafbf40c4ac70469d0;10021222;UT;Buffdale;US
1afeeb4f561c3d914796782bfa14016ccfce18022cb9faaf7008fcaab8aeaca1;10023003;MI;Coldwater;US
4042a73c116c9746ff23df90e66ab19b4723d773dd571d0b78af67522b676064;10024016;Não informado;Kanagawa;AU
b1ee07aade4efda17eee0d35b49e06481abc3e80732e2baafbf40c4ac70469d0;10025034;CA;Corona;US
b1ee07aade4efda17eee0d35b49e06481abc3e80732e2baafbf40c4ac70469d0;10025037;CA;San Marcos;US
1afeeb4f561c3d914796782bfa14016ccfce18022cb9faaf7008fcaab8aeaca1;10014810;OH;Canton;US
2b4cd33c4c62f4ec72c0c6bad01f0cda1c2c808ff3b677d24e0e3a0160a6fa46;10000461;QU;Boucherville;CA
1afeeb4f561c3d914796782bfa14016ccfce18022cb9faaf7008fcaab8aeaca1;10025021;WI;Depere;US
b1ee07aade4efda17eee0d35b49e06481abc3e80732e2baafbf40c4ac70469d0;10020931;MT;Bozeman;US
1afeeb4f561c3d914796782bfa14016ccfce18022cb9faaf7008fcaab8aeaca1;10025251;OH;Wooster;US
2b4cd33c4c62f4ec72c0c6bad01f0cda1c2c808ff3b677d24e0e3a0160a6fa46;10026268;BC;Surrey;CA
1afeeb4f561c3d914796782bfa14016ccfce18022cb9faaf7008fcaab8aeaca1;10026078;OH;Bedford;US
4042a73c116c9746ff23df90e66ab19b4723d773dd571d0b78af67522b676064;10000471;Não informado;Jeddah;AU
afcc6e708bd905dfa8bd30ce691a5d3ba458bcf6e259378929aa283f608bade4;10007577;NJ;Stewartsville;US
1afeeb4f561c3d914796782bfa14016ccfce18022cb9faaf7008fcaab8aeaca1;10020915;IL;McHenry;US
1afeeb4f561c3d914796782bfa14016ccfce18022cb9faaf7008fcaab8aeaca1;10022444;MI;Livonia;US
4042a73c116c9746ff23df90e66ab19b4723d773dd571d0b78af67522b676064;10025063;Não informado;Não informado;UK
afcc6e708bd905dfa8bd30ce691a5d3ba458bcf6e259378929aa283f608bade4;10027572;NY;Elma;US
1afeeb4f561c3d914796782bfa14016ccfce18022cb9faaf7008fcaab8aeaca1;10025252;IN;Elkhart;US
1afeeb4f561c3d914796782bfa14016ccfce18022cb9faaf7008fcaab8aeaca1;10026606;MI;Dearborn;US
b1ee07aade4efda17eee0d35b49e06481abc3e80732e2baafbf40c4ac70469d0;10009647;CA;Sacramento;US
1afeeb4f561c3d914796782bfa14016ccfce18022cb9faaf7008fcaab8aeaca1;10014469;MI;Livonia;US
1afeeb4f561c3d914796782bfa14016ccfce18022cb9faaf7008fcaab8aeaca1;10016784;IA;Pocahontas;US
1afeeb4f561c3d914796782bfa14016ccfce18022cb9faaf7008fcaab8aeaca1;10019909;WI;Shawano;US
379000e082e133b5cc4217e9151f9a6d2c84dba77123f9455d30f933b42e76e9;10020639;OK;Tulsa;US
4042a73c116c9746ff23df90e66ab19b4723d773dd571d0b78af67522b676064;10022201;Não informado;Carcas;UK
379000e082e133b5cc4217e9151f9a6d2c84dba77123f9455d30f933b42e76e9;10023244;MS;Cleveland;US
1afeeb4f561c3d914796782bfa14016ccfce18022cb9faaf7008fcaab8aeaca1;10026055;WI;Eau Claire;US
4042a73c116c9746ff23df90e66ab19b4723d773dd571d0b78af67522b676064;10002501;Não informado;Não informado;UK
4042a73c116c9746ff23df90e66ab19b4723d773dd571d0b78af67522b676064;10025241;Não informado;Hamamatsu City;AU
1afeeb4f561c3d914796782bfa14016ccfce18022cb9faaf7008fcaab8aeaca1;10000481;IL;Chicago;US
2b4cd33c4c62f4ec72c0c6bad01f0cda1c2c808ff3b677d24e0e3a0160a6fa46;10009653;ON;Mississauga;CA
4042a73c116c9746ff23df90e66ab19b4723d773dd571d0b78af67522b676064;10020715;Não informado;Linares (Jaen);UK
1afeeb4f561c3d914796782bfa14016ccfce18022cb9faaf7008fcaab8aeaca1;10023221;KS;Overland Park;US
b1ee07aade4efda17eee0d35b49e06481abc3e80732e2baafbf40c4ac70469d0;10011398;OR;Eugene;US
b1ee07aade4efda17eee0d35b49e06481abc3e80732e2baafbf40c4ac70469d0;10012234;CA;Hayward;US
afcc6e708bd905dfa8bd30ce691a5d3ba458bcf6e259378929aa283f608bade4;10022431;VA;Vinton;US
379000e082e133b5cc4217e9151f9a6d2c84dba77123f9455d30f933b42e76e9;10026062;TX;Houston;US
afcc6e708bd905dfa8bd30ce691a5d3ba458bcf6e259378929aa283f608bade4;10019105;VA;Mechanicsville;US
379000e082e133b5cc4217e9151f9a6d2c84dba77123f9455d30f933b42e76e9;10022732;FL;Lake Hamilton;US
1afeeb4f561c3d914796782bfa14016ccfce18022cb9faaf7008fcaab8aeaca1;10024999;SD;Andover;US
379000e082e133b5cc4217e9151f9a6d2c84dba77123f9455d30f933b42e76e9;10027560;TX;Odessa;US
1afeeb4f561c3d914796782bfa14016ccfce18022cb9faaf7008fcaab8aeaca1;10007121;MN;St Louis Park;US
1afeeb4f561c3d914796782bfa14016ccfce18022cb9faaf7008fcaab8aeaca1;10013238;WI;Janesville;US
4042a73c116c9746ff23df90e66ab19b4723d773dd571d0b78af67522b676064;10020907;Não informado;Não informado;UK
4042a73c116c9746ff23df90e66ab19b4723d773dd571d0b78af67522b676064;10006836;Não informado;Quito;UK
1afeeb4f561c3d914796782bfa14016ccfce18022cb9faaf7008fcaab8aeaca1;10024006;OH;Columbiana;US
379000e082e133b5cc4217e9151f9a6d2c84dba77123f9455d30f933b42e76e9;10006037;FL;Miami;US
b1ee07aade4efda17eee0d35b49e06481abc3e80732e2baafbf40c4ac70469d0;10009985;UT;West Jordan;US
1afeeb4f561c3d914796782bfa14016ccfce18022cb9faaf7008fcaab8aeaca1;10012425;MN;Oslo;US
b1ee07aade4efda17eee0d35b49e06481abc3e80732e2baafbf40c4ac70469d0;10024003;CA;Benicia;US
b1ee07aade4efda17eee0d35b49e06481abc3e80732e2baafbf40c4ac70469d0;10025025;WA;Auburn;US
379000e082e133b5cc4217e9151f9a6d2c84dba77123f9455d30f933b42e76e9;10000478;AR;Little Rock;US
4042a73c116c9746ff23df90e66ab19b4723d773dd571d0b78af67522b676064;10025242;Não informado;Seoul;AU
379000e082e133b5cc4217e9151f9a6d2c84dba77123f9455d30f933b42e76e9;10018580;TX;Beaumont;US
4042a73c116c9746ff23df90e66ab19b4723d773dd571d0b78af67522b676064;10022746;Não informado;A 5102 Anthering;UK
379000e082e133b5cc4217e9151f9a6d2c84dba77123f9455d30f933b42e76e9;10022764;FL;Ocala;US
379000e082e133b5cc4217e9151f9a6d2c84dba77123f9455d30f933b42e76e9;10006862;MS;Pearl;US
2b4cd33c4c62f4ec72c0c6bad01f0cda1c2c808ff3b677d24e0e3a0160a6fa46;10023022;BC;Surrey;CA
afcc6e708bd905dfa8bd30ce691a5d3ba458bcf6e259378929aa283f608bade4;10025583;PA;Nesquehoning;US
b1ee07aade4efda17eee0d35b49e06481abc3e80732e2baafbf40c4ac70469d0;10006846;CA;Modesto;US
b1ee07aade4efda17eee0d35b49e06481abc3e80732e2baafbf40c4ac70469d0;10023513;CA;Stockton;US
4042a73c116c9746ff23df90e66ab19b4723d773dd571d0b78af67522b676064;10025052;Não informado;Songtan SI;AU
b1ee07aade4efda17eee0d35b49e06481abc3e80732e2baafbf40c4ac70469d0;10025769;CA;Redding;US
4042a73c116c9746ff23df90e66ab19b4723d773dd571d0b78af67522b676064;10007117;Não informado;Taipei;AU
379000e082e133b5cc4217e9151f9a6d2c84dba77123f9455d30f933b42e76e9;10007122;TX;Buda;US
1afeeb4f561c3d914796782bfa14016ccfce18022cb9faaf7008fcaab8aeaca1;10009676;MI;Kalamazoo;US
1afeeb4f561c3d914796782bfa14016ccfce18022cb9faaf7008fcaab8aeaca1;10010974;WI;Chippewa Falls;US
2b4cd33c4c62f4ec72c0c6bad01f0cda1c2c808ff3b677d24e0e3a0160a6fa46;10021158;BC;Surrey;CA
379000e082e133b5cc4217e9151f9a6d2c84dba77123f9455d30f933b42e76e9;10021936;KY;Louisville;US
1afeeb4f561c3d914796782bfa14016ccfce18022cb9faaf7008fcaab8aeaca1;10022423;OH;Cincinnati;US
1afeeb4f561c3d914796782bfa14016ccfce18022cb9faaf7008fcaab8aeaca1;10025552;MI;Southfield;US
379000e082e133b5cc4217e9151f9a6d2c84dba77123f9455d30f933b42e76e9;10026348;NC;Mebane;US
379000e082e133b5cc4217e9151f9a6d2c84dba77123f9455d30f933b42e76e9;10027348;FL;Tampa;US
